# Total Jobs Found: 363, Scrape Date: 2026-01-07 13:23:03
title,company,location,posted_date,link,source
Associate- Data Annotation,Digital Divide Data (DDD),"Nairobi, Nairobi County, Kenya",2025-12-01,https://ke.linkedin.com/jobs/view/associate-data-annotation-at-digital-divide-data-ddd-4340744170?position=1&pageNum=0&refId=i9YuVswcj2TfAUxIXw3h2g%3D%3D&trackingId=Yb%2Fn1pxhuaGVZq%2Bo1VDqIA%3D%3D,LinkedIn
INTERNSHIP – DATA ANALYSIS & REPORTING ASSISTANT,ReliefWeb,Kenya,2025-12-23,https://ke.linkedin.com/jobs/view/internship-%E2%80%93-data-analysis-reporting-assistant-at-reliefweb-4328876447?position=2&pageNum=0&refId=i9YuVswcj2TfAUxIXw3h2g%3D%3D&trackingId=n4HWOWE8S5cKTEqTTVObJA%3D%3D,LinkedIn
Data Analyst,Endeavor Kenya,"Nzalae/ Nzawa locations, Kitui County, Kenya",2025-11-04,https://ke.linkedin.com/jobs/view/data-analyst-at-endeavor-kenya-4320605248?position=3&pageNum=0&refId=i9YuVswcj2TfAUxIXw3h2g%3D%3D&trackingId=zzqP%2BZb72iHVn2xVzGOoJA%3D%3D,LinkedIn
**** *******,******** **********,*****,2025-11-15,https://ke.linkedin.com/jobs/view/data-analyst-at-odixcity-consulting-4336075512?position=4&pageNum=0&refId=i9YuVswcj2TfAUxIXw3h2g%3D%3D&trackingId=ThHsyEosZRZr0r93fdIIIA%3D%3D,LinkedIn
********** ******** & **** *********,*****,*****,2025-12-18,https://ke.linkedin.com/jobs/view/commercial-insights-data-associate-at-axmed-4344821073?position=5&pageNum=0&refId=i9YuVswcj2TfAUxIXw3h2g%3D%3D&trackingId=6zlre4yAc%2Bl2IM%2BBvr7Cyw%3D%3D,LinkedIn
****** **** *******,**** ******,"*******, ******* ******, *****",2025-11-28,https://ke.linkedin.com/jobs/view/senior-data-analyst-at-watu-credit-4339811567?position=6&pageNum=0&refId=i9YuVswcj2TfAUxIXw3h2g%3D%3D&trackingId=f0m3yAQZ3FBngTdlVLsjOw%3D%3D,LinkedIn
"********** ** ******* (*******, *****)",****,"*******, ******* ******, *****",2025-10-28,https://ke.linkedin.com/jobs/view/operations-bi-analyst-nairobi-kenya-at-eidu-4318497144?position=7&pageNum=0&refId=i9YuVswcj2TfAUxIXw3h2g%3D%3D&trackingId=slJAOZi5akTWT9zF%2Bwrbqg%3D%3D,LinkedIn
Software Engineer - Fresher,Redian Software In Africa,"Nairobi, Nairobi County, Kenya",2025-12-29,https://ke.linkedin.com/jobs/view/software-engineer-fresher-at-redian-software-in-africa-4346388736?position=1&pageNum=0&refId=QOiX26%2BWGTaf1Ti2j3ug2g%3D%3D&trackingId=dnN18rueiKVn6erx%2BvmZ5Q%3D%3D,LinkedIn
Data Engineer,BURN,"Nairobi, Nairobi County, Kenya",2025-12-02,https://ke.linkedin.com/jobs/view/data-engineer-at-burn-4341015039?position=2&pageNum=0&refId=QOiX26%2BWGTaf1Ti2j3ug2g%3D%3D&trackingId=NFfakhGWBKxRJfQcnHgJBA%3D%3D,LinkedIn
Technology Consultant (Data - AI),Microsoft,"Nzalae/ Nzawa locations, Kitui County, Kenya",2026-01-01,https://ke.linkedin.com/jobs/view/technology-consultant-data-ai-at-microsoft-4346952162?position=3&pageNum=0&refId=QOiX26%2BWGTaf1Ti2j3ug2g%3D%3D&trackingId=EABzM9%2B9ccqpkik6vEPIjg%3D%3D,LinkedIn
**** ********,****,"******* ******, *****",2025-11-11,https://ke.linkedin.com/jobs/view/data-engineer-at-obss-4313365587?position=4&pageNum=0&refId=QOiX26%2BWGTaf1Ti2j3ug2g%3D%3D&trackingId=G6qpKDelmdOMscUIGFWS6A%3D%3D,LinkedIn
********** – **** ******** & ********* *********,*********,*****,2025-12-23,https://ke.linkedin.com/jobs/view/internship-%E2%80%93-data-analysis-reporting-assistant-at-reliefweb-4328876447?position=5&pageNum=0&refId=QOiX26%2BWGTaf1Ti2j3ug2g%3D%3D&trackingId=FfDX8qaiiEjXdnzTYZJ%2F5A%3D%3D,LinkedIn
**** ******** – ** **********,********,"******/ ***** *********, ***** ******, *****",2025-11-25,https://ke.linkedin.com/jobs/view/data-engineer-%E2%80%93-ai-compliance-at-allcares-4339135084?position=6&pageNum=0&refId=QOiX26%2BWGTaf1Ti2j3ug2g%3D%3D&trackingId=dgB%2FszYNu7iRVAB%2FP9gRDw%3D%3D,LinkedIn
**** *******,******** *****,"******/ ***** *********, ***** ******, *****",2025-11-04,https://ke.linkedin.com/jobs/view/data-analyst-at-endeavor-kenya-4320605248?position=7&pageNum=0&refId=QOiX26%2BWGTaf1Ti2j3ug2g%3D%3D&trackingId=8Q0Ns0fvswPHtSMQ6VHziw%3D%3D,LinkedIn
Data Engineer,BURN,"Nairobi, Nairobi County, Kenya",2025-12-02,https://ke.linkedin.com/jobs/view/data-engineer-at-burn-4341015039?position=1&pageNum=0&refId=Iet6nRnyFHHO3zHXPFNa8Q%3D%3D&trackingId=Wfz3LemLMV5Z%2Fk78NP09Ww%3D%3D,LinkedIn
INTERNSHIP – DATA ANALYSIS & REPORTING ASSISTANT,ReliefWeb,Kenya,2025-12-23,https://ke.linkedin.com/jobs/view/internship-%E2%80%93-data-analysis-reporting-assistant-at-reliefweb-4328876447?position=2&pageNum=0&refId=Iet6nRnyFHHO3zHXPFNa8Q%3D%3D&trackingId=7V14lYMILfxy1NsDgU9cJw%3D%3D,LinkedIn
Associate- Data Annotation,Digital Divide Data (DDD),"Nairobi, Nairobi County, Kenya",2025-12-01,https://ke.linkedin.com/jobs/view/associate-data-annotation-at-digital-divide-data-ddd-4340744170?position=3&pageNum=0&refId=Iet6nRnyFHHO3zHXPFNa8Q%3D%3D&trackingId=dwu1x5GgsRBK95FSvmdzIg%3D%3D,LinkedIn
**** *******,******** *****,"******/ ***** *********, ***** ******, *****",2025-11-04,https://ke.linkedin.com/jobs/view/data-analyst-at-endeavor-kenya-4320605248?position=4&pageNum=0&refId=Iet6nRnyFHHO3zHXPFNa8Q%3D%3D&trackingId=qXsjQxaz%2FKvarbwWJpZnyg%3D%3D,LinkedIn
**** ******** – ** **********,********,"******/ ***** *********, ***** ******, *****",2025-11-25,https://ke.linkedin.com/jobs/view/data-engineer-%E2%80%93-ai-compliance-at-allcares-4339135084?position=5&pageNum=0&refId=Iet6nRnyFHHO3zHXPFNa8Q%3D%3D&trackingId=6FPma8A7%2BrsVTsT2Hf3dWg%3D%3D,LinkedIn
**** ********,****,"******* ******, *****",2025-11-11,https://ke.linkedin.com/jobs/view/data-engineer-at-obss-4313365587?position=6&pageNum=0&refId=Iet6nRnyFHHO3zHXPFNa8Q%3D%3D&trackingId=U8KbUfp2GCm1yPgtzwm2eQ%3D%3D,LinkedIn
**** *******,******** **********,*****,2025-11-15,https://ke.linkedin.com/jobs/view/data-analyst-at-odixcity-consulting-4336075512?position=7&pageNum=0&refId=Iet6nRnyFHHO3zHXPFNa8Q%3D%3D&trackingId=vTn%2B%2FyEKcDMHXlCioXbflA%3D%3D,LinkedIn
Human Data Manager,Burjline Builders,Kenya,2026-01-06,https://ke.linkedin.com/jobs/view/human-data-manager-at-burjline-builders-4330466083?position=1&pageNum=0&refId=rj3XrXz2XuCZyI9H5UM6Aw%3D%3D&trackingId=k5x1LG77Kek3hGvc%2BOMUAw%3D%3D,LinkedIn
Human Data Manager - FreshTalent,Qureos,Kenya,2026-01-06,https://ke.linkedin.com/jobs/view/human-data-manager-freshtalent-at-qureos-4351350403?position=2&pageNum=0&refId=rj3XrXz2XuCZyI9H5UM6Aw%3D%3D&trackingId=VG8iKEe6aPkK8b07Am7W2A%3D%3D,LinkedIn
Senior Data Analyst,Watu Credit,"Nairobi, Nairobi County, Kenya",2025-11-28,https://ke.linkedin.com/jobs/view/senior-data-analyst-at-watu-credit-4339811567?position=3&pageNum=0&refId=rj3XrXz2XuCZyI9H5UM6Aw%3D%3D&trackingId=5HXfBuW8L076m583ttAm1g%3D%3D,LinkedIn
**** ************ *******,******,"*******, ***** ***** ******, *****",2025-10-22,https://ke.linkedin.com/jobs/view/data-intelligence-analyst-at-assent-4314707167?position=4&pageNum=0&refId=rj3XrXz2XuCZyI9H5UM6Aw%3D%3D&trackingId=tOOg%2BrEfS4xkkseHwHgvXg%3D%3D,LinkedIn
"*******, **** ******",* ****** ** ***** ****** *** ****** *** Ú****** ****,"*******, ******* ******, *****",2026-01-05,https://ke.linkedin.com/jobs/view/analyst-real-estate-at-a-igreja-de-jesus-cristo-dos-santos-dos-%C3%BAltimos-dias-4354612932?position=5&pageNum=0&refId=rj3XrXz2XuCZyI9H5UM6Aw%3D%3D&trackingId=JyGPL94o1hF66JtI1MpLRA%3D%3D,LinkedIn
****** **** ******* & ********* *******,***** ************,*****,2025-11-17,https://ke.linkedin.com/jobs/view/global-data-science-analytics-manager-at-pages-humanitaires-4322797107?position=6&pageNum=0&refId=rj3XrXz2XuCZyI9H5UM6Aw%3D%3D&trackingId=tQjneNo%2F9kL16Ok6hj8dNg%3D%3D,LinkedIn
********* ******* ****,******* *********,"******/ ***** *********, ***** ******, *****",2026-01-07,https://ke.linkedin.com/jobs/view/marketing-systems-lead-at-crimson-education-4330721255?position=7&pageNum=0&refId=rj3XrXz2XuCZyI9H5UM6Aw%3D%3D&trackingId=FxfrYa7mkH5XP9XbE3xvUw%3D%3D,LinkedIn
Head of Analytics,Yassir,"Nairobi, Nairobi County, Kenya",2025-09-30,https://ke.linkedin.com/jobs/view/head-of-analytics-at-yassir-4308495688?position=1&pageNum=0&refId=PNVE4iGQlEZYu5uvNceoVg%3D%3D&trackingId=cyVCEWCY3R9TsiYO2Ct8Ng%3D%3D,LinkedIn
Head of Convergent Video & Audio,Camelot Strategic Marketing & Media,"Nzalae/ Nzawa locations, Kitui County, Kenya",2025-12-05,https://ke.linkedin.com/jobs/view/head-of-convergent-video-audio-at-camelot-strategic-marketing-media-4348731833?position=2&pageNum=0&refId=PNVE4iGQlEZYu5uvNceoVg%3D%3D&trackingId=7PQjftnYLCY%2F%2BcGqk5ULcA%3D%3D,LinkedIn
Head of Project Delivery,NATURAL STATE,Kenya,2025-12-03,https://ke.linkedin.com/jobs/view/head-of-project-delivery-at-natural-state-4347495489?position=3&pageNum=0&refId=PNVE4iGQlEZYu5uvNceoVg%3D%3D&trackingId=SV0Y5%2B%2F84X0YhjMctRm61Q%3D%3D,LinkedIn
**** ** ********** ******,*****,*****,2025-12-18,https://ke.linkedin.com/jobs/view/head-of-commercial-growth-at-axmed-4344910475?position=4&pageNum=0&refId=PNVE4iGQlEZYu5uvNceoVg%3D%3D&trackingId=fmXSvzdo%2FKei1AirOF5qdw%3D%3D,LinkedIn
**** ** *********** **********,*****,*****,2025-12-10,https://ke.linkedin.com/jobs/view/head-of-marketplace-operations-at-axmed-4343261366?position=5&pageNum=0&refId=PNVE4iGQlEZYu5uvNceoVg%3D%3D&trackingId=%2Fm1uQy8zHVQbHvxojjzB3Q%3D%3D,LinkedIn
"********, ****** *******",*********,"*******, ******* ******, *****",2025-11-27,https://ke.linkedin.com/jobs/view/director-talent-science-at-canonical-4339203259?position=6&pageNum=0&refId=PNVE4iGQlEZYu5uvNceoVg%3D%3D&trackingId=%2BIrMpQdT%2BmJIQwRYuyarwQ%3D%3D,LinkedIn
**** ****** ******* – ******,****** ****** * ********,"*******, ******* ******, *****",2025-12-10,https://ke.linkedin.com/jobs/view/real-estate-advisor-%E2%80%93-jabali-at-cleave-global-e-services-4326740264?position=7&pageNum=0&refId=PNVE4iGQlEZYu5uvNceoVg%3D%3D&trackingId=2H%2B%2FBu9OIGohmdR8U%2BCzqA%3D%3D,LinkedIn
Data Intelligence Analyst,Assent,"Eldoret, Uasin Gishu County, Kenya",2025-10-22,https://ke.linkedin.com/jobs/view/data-intelligence-analyst-at-assent-4314707167?position=1&pageNum=0&refId=3xKhQLE10RTXAc3X6Y0Jqg%3D%3D&trackingId=gnzj8dLbQDL8GXkxWkSk2A%3D%3D,LinkedIn
Senior Data Analyst,Watu Credit,"Nairobi, Nairobi County, Kenya",2025-11-28,https://ke.linkedin.com/jobs/view/senior-data-analyst-at-watu-credit-4339811567?position=2&pageNum=0&refId=3xKhQLE10RTXAc3X6Y0Jqg%3D%3D&trackingId=lt2eVIBCefM1CstMVY4SzA%3D%3D,LinkedIn
Request for Proposals: Senior Business Intelligence Expert,Moringa School,"Nairobi County, Kenya",2026-01-05,https://ke.linkedin.com/jobs/view/request-for-proposals-senior-business-intelligence-expert-at-moringa-school-4351303801?position=3&pageNum=0&refId=3xKhQLE10RTXAc3X6Y0Jqg%3D%3D&trackingId=8voxCD0jNSISUnyzk78R8w%3D%3D,LinkedIn
"********** ** ******* (*******, *****)",****,"*******, ******* ******, *****",2025-10-28,https://ke.linkedin.com/jobs/view/operations-bi-analyst-nairobi-kenya-at-eidu-4318497144?position=4&pageNum=0&refId=3xKhQLE10RTXAc3X6Y0Jqg%3D%3D&trackingId=9m9TW%2FxfHgY9D5goSHLN%2FQ%3D%3D,LinkedIn
** *******,**********,"*******, ******* ******, *****",2025-11-06,https://ke.linkedin.com/jobs/view/bi-analyst-at-sunculture-4334489257?position=5&pageNum=0&refId=3xKhQLE10RTXAc3X6Y0Jqg%3D%3D&trackingId=9i%2FMN1fJc%2BewO9LlZj2ybw%3D%3D,LinkedIn
**** *******,******** *****,"******/ ***** *********, ***** ******, *****",2025-11-04,https://ke.linkedin.com/jobs/view/data-analyst-at-endeavor-kenya-4320605248?position=6&pageNum=0&refId=3xKhQLE10RTXAc3X6Y0Jqg%3D%3D&trackingId=rPFsm10Hdofp0%2BfeBtu%2BOg%3D%3D,LinkedIn
**** *******,******** **********,*****,2025-11-15,https://ke.linkedin.com/jobs/view/data-analyst-at-odixcity-consulting-4336075512?position=7&pageNum=0&refId=3xKhQLE10RTXAc3X6Y0Jqg%3D%3D&trackingId=1lZDQQKHyqFP%2B3MutHdZVg%3D%3D,LinkedIn
Senior Data Analyst,Watu Credit,"Nairobi, Nairobi County, Kenya",2025-11-28,https://ke.linkedin.com/jobs/view/senior-data-analyst-at-watu-credit-4339811567?position=1&pageNum=0&refId=VymQsShSbsIvRQH30Vmo7Q%3D%3D&trackingId=bXpvHo16UggkIva8kGAEsQ%3D%3D,LinkedIn
Data Intelligence Analyst,Assent,"Eldoret, Uasin Gishu County, Kenya",2025-10-22,https://ke.linkedin.com/jobs/view/data-intelligence-analyst-at-assent-4314707167?position=2&pageNum=0&refId=VymQsShSbsIvRQH30Vmo7Q%3D%3D&trackingId=lpHR%2FDktvvw9p%2BbAZwNHjQ%3D%3D,LinkedIn
BI Analyst,SunCulture,"Nairobi, Nairobi County, Kenya",2025-11-06,https://ke.linkedin.com/jobs/view/bi-analyst-at-sunculture-4334489257?position=3&pageNum=0&refId=VymQsShSbsIvRQH30Vmo7Q%3D%3D&trackingId=hJ1z%2Ffmzjoplm8ky1Gltdw%3D%3D,LinkedIn
**** *******,******** **********,*****,2025-11-15,https://ke.linkedin.com/jobs/view/data-analyst-at-odixcity-consulting-4336075512?position=4&pageNum=0&refId=VymQsShSbsIvRQH30Vmo7Q%3D%3D&trackingId=PAf4HBOENlOD79yX94Sb8Q%3D%3D,LinkedIn
**** *******,******** *****,"******/ ***** *********, ***** ******, *****",2025-11-04,https://ke.linkedin.com/jobs/view/data-analyst-at-endeavor-kenya-4320605248?position=5&pageNum=0&refId=VymQsShSbsIvRQH30Vmo7Q%3D%3D&trackingId=tAESaHaXB6srjJ2IwHBNsA%3D%3D,LinkedIn
"********** ** ******* (*******, *****)",****,"*******, ******* ******, *****",2025-10-28,https://ke.linkedin.com/jobs/view/operations-bi-analyst-nairobi-kenya-at-eidu-4318497144?position=6&pageNum=0&refId=VymQsShSbsIvRQH30Vmo7Q%3D%3D&trackingId=bRPpB%2B%2Fq%2B2ZCqNkQZQDhPg%3D%3D,LinkedIn
**** ******* - ****** ***********,*-****,"*******, ******* ******, *****",2025-11-26,https://ke.linkedin.com/jobs/view/data-analyst-credit-eligibility-at-m-kopa-4339210741?position=7&pageNum=0&refId=VymQsShSbsIvRQH30Vmo7Q%3D%3D&trackingId=u4LNWXsl9vdYl9EYUSiJ6w%3D%3D,LinkedIn
Business Analyst,OBSS,"Nairobi County, Kenya",2025-12-22,https://ke.linkedin.com/jobs/view/business-analyst-at-obss-4345664729?position=1&pageNum=0&refId=o%2BahTJeFN4wAH4yV%2FQVXXw%3D%3D&trackingId=q5k5%2F%2Bt%2BsLrFEweJ2t2hIA%3D%3D,LinkedIn
Business Analyst,Tatu City,"Tatu City, Kiambu, Kenya",2025-09-22,https://ke.linkedin.com/jobs/view/business-analyst-at-tatu-city-4303973842?position=2&pageNum=0&refId=o%2BahTJeFN4wAH4yV%2FQVXXw%3D%3D&trackingId=3tOrlLMWCgnmS4sbrK04jQ%3D%3D,LinkedIn
Business Analyst,Phoenix Heights,"Mombasa, Mombasa County, Kenya",2025-12-06,https://ke.linkedin.com/jobs/view/business-analyst-at-phoenix-heights-4326767164?position=3&pageNum=0&refId=o%2BahTJeFN4wAH4yV%2FQVXXw%3D%3D&trackingId=vPMD7bRaPkGPxizMUt37pQ%3D%3D,LinkedIn
********* ******* – ******* *** *********,*** ********* *******,"*******, ******* ******, *****",2025-11-07,https://ke.linkedin.com/jobs/view/actuarial-analyst-%E2%80%93-systems-and-reporting-at-cic-insurance-company-4338034949?position=4&pageNum=0&refId=o%2BahTJeFN4wAH4yV%2FQVXXw%3D%3D&trackingId=I4ebKUsZNwCr0%2FYtEW%2BGkw%3D%3D,LinkedIn
****** ********* *******,********,*****,2025-07-29,https://ke.linkedin.com/jobs/view/senior-marketing-analyst-at-renmoney-4288423357?position=5&pageNum=0&refId=o%2BahTJeFN4wAH4yV%2FQVXXw%3D%3D&trackingId=2UTIP2pbOHtWULQEdY1%2FxQ%3D%3D,LinkedIn
********* ******** ******* - ****,** *** *****,"******/ ***** *********, ***** ******, *****",2025-12-18,https://ke.linkedin.com/jobs/view/technical-business-analyst-1841-at-in-all-media-4344868535?position=6&pageNum=0&refId=o%2BahTJeFN4wAH4yV%2FQVXXw%3D%3D&trackingId=%2FRvh1fQlmwQkpZ0eVQ7QuA%3D%3D,LinkedIn
"********** ** ******* (*******, *****)",****,"*******, ******* ******, *****",2025-10-28,https://ke.linkedin.com/jobs/view/operations-bi-analyst-nairobi-kenya-at-eidu-4318497144?position=7&pageNum=0&refId=o%2BahTJeFN4wAH4yV%2FQVXXw%3D%3D&trackingId=gKELERvqcXVON%2F6JgXISIw%3D%3D,LinkedIn
Global Data Science & Analytics Manager,Pages Humanitaires,Kenya,2025-11-17,https://ke.linkedin.com/jobs/view/global-data-science-analytics-manager-at-pages-humanitaires-4322797107?position=1&pageNum=0&refId=2Scm64WhChBHuAhpacQbGA%3D%3D&trackingId=Gx%2FMgMGz3JnGBs%2FLaNF8tg%3D%3D,LinkedIn
Engineering Manager - Data Platform,Canonical,"Nairobi, Nairobi County, Kenya",2025-12-24,https://ke.linkedin.com/jobs/view/engineering-manager-data-platform-at-canonical-4346162424?position=2&pageNum=0&refId=2Scm64WhChBHuAhpacQbGA%3D%3D&trackingId=V8%2BHpwpFlR1hBH90d%2BFXdw%3D%3D,LinkedIn
Engineering Manager - MLOps & Analytics,Canonical,"Nairobi, Nairobi County, Kenya",2025-08-14,https://ke.linkedin.com/jobs/view/engineering-manager-mlops-analytics-at-canonical-4284585309?position=3&pageNum=0&refId=2Scm64WhChBHuAhpacQbGA%3D%3D&trackingId=0HR6URTE4QR0S3bX92V%2BUQ%3D%3D,LinkedIn
"*** **** – ******* **************, ******** ************ *** *********",********* ***,"******, ******, *****",2025-08-20,https://ke.linkedin.com/jobs/view/shw-lead-%E2%80%93-digital-transformation-business-intelligence-and-reporting-at-safaricom-plc-4288958350?position=4&pageNum=0&refId=2Scm64WhChBHuAhpacQbGA%3D%3D&trackingId=VzMGLeKvHfp8%2Bghso%2BGWCg%3D%3D,LinkedIn
***** **** *******,******** ********,*****,2026-01-06,https://ke.linkedin.com/jobs/view/human-data-manager-at-burjline-builders-4330466083?position=5&pageNum=0&refId=2Scm64WhChBHuAhpacQbGA%3D%3D&trackingId=EWz0qsO3j6MVCeddCJu8Mw%3D%3D,LinkedIn
***** **** ******* - ***********,******,*****,2026-01-06,https://ke.linkedin.com/jobs/view/human-data-manager-freshtalent-at-qureos-4351350403?position=6&pageNum=0&refId=2Scm64WhChBHuAhpacQbGA%3D%3D&trackingId=osU6E9W4XkykVZgfdILauQ%3D%3D,LinkedIn
******* ******* - ****,*********,"*******, ******* ******, *****",2026-01-02,https://ke.linkedin.com/jobs/view/product-manager-data-at-canonical-4346982445?position=7&pageNum=0&refId=2Scm64WhChBHuAhpacQbGA%3D%3D&trackingId=Ggdio0r8FCGbS0XIUHvFVA%3D%3D,LinkedIn
"Operations BI Analyst (Nairobi, Kenya)",EIDU,"Nairobi, Nairobi County, Kenya",2025-10-28,https://ke.linkedin.com/jobs/view/operations-bi-analyst-nairobi-kenya-at-eidu-4318497144?position=1&pageNum=0&refId=kLWJP6j0aZyYlBn0Zluv%2FA%3D%3D&trackingId=v%2BIZSWpfzvvIGWGCBG3%2BMw%3D%3D,LinkedIn
BI Analyst,SunCulture,"Nairobi, Nairobi County, Kenya",2025-11-06,https://ke.linkedin.com/jobs/view/bi-analyst-at-sunculture-4334489257?position=2&pageNum=0&refId=kLWJP6j0aZyYlBn0Zluv%2FA%3D%3D&trackingId=lTIOnn8tjCVcQuxajdoM3Q%3D%3D,LinkedIn
"Operations BI Analyst (Nairobi, Kenya)",EIDU,"Nairobi, Nairobi County, Kenya",2025-10-28,https://ke.linkedin.com/jobs/view/operations-bi-analyst-nairobi-kenya-at-eidu-4318497144?position=1&pageNum=0&refId=Dqa4ih7AZVcngFjTTIW9Eg%3D%3D&trackingId=UQOsbD259Wmo2Am%2FC%2FM3Pw%3D%3D,LinkedIn
BI Analyst,SunCulture,"Nairobi, Nairobi County, Kenya",2025-11-06,https://ke.linkedin.com/jobs/view/bi-analyst-at-sunculture-4334489257?position=2&pageNum=0&refId=Dqa4ih7AZVcngFjTTIW9Eg%3D%3D&trackingId=%2BZg%2BTU8pLFuzMqkvS7NhjA%3D%3D,LinkedIn
Planner,Tatu City,"Tatu City, Kiambu, Kenya",2025-10-08,https://ke.linkedin.com/jobs/view/planner-at-tatu-city-4312010705?position=3&pageNum=0&refId=Dqa4ih7AZVcngFjTTIW9Eg%3D%3D&trackingId=0li%2FMDJFCQO42%2BS74JEeWA%3D%3D,LinkedIn
Business Analyst,OBSS,"Nairobi County, Kenya",2025-12-22,https://ke.linkedin.com/jobs/view/business-analyst-at-obss-4345664729?position=1&pageNum=0&refId=ftr7crp%2FLLFcVyOQea1k2Q%3D%3D&trackingId=OkqpO8FtUbbbzmn1MQxAfw%3D%3D,LinkedIn
Business Analyst,Tatu City,"Tatu City, Kiambu, Kenya",2025-09-22,https://ke.linkedin.com/jobs/view/business-analyst-at-tatu-city-4303973842?position=2&pageNum=0&refId=ftr7crp%2FLLFcVyOQea1k2Q%3D%3D&trackingId=3nTOmkU%2FV58Ja6I57hwnkw%3D%3D,LinkedIn
Business Analyst,Phoenix Heights,"Mombasa, Mombasa County, Kenya",2025-12-06,https://ke.linkedin.com/jobs/view/business-analyst-at-phoenix-heights-4326767164?position=3&pageNum=0&refId=ftr7crp%2FLLFcVyOQea1k2Q%3D%3D&trackingId=Y%2BWTOkiJWPSVIgMF73ayuA%3D%3D,LinkedIn
"Operations BI Analyst (Nairobi, Kenya)",EIDU,"Nairobi, Nairobi County, Kenya",2025-10-28,https://ke.linkedin.com/jobs/view/operations-bi-analyst-nairobi-kenya-at-eidu-4318497144?position=4&pageNum=0&refId=ftr7crp%2FLLFcVyOQea1k2Q%3D%3D&trackingId=D8yx0O%2F1agC6zNz9LfIYUg%3D%3D,LinkedIn
BI Analyst,SunCulture,"Nairobi, Nairobi County, Kenya",2025-11-06,https://ke.linkedin.com/jobs/view/bi-analyst-at-sunculture-4334489257?position=5&pageNum=0&refId=ftr7crp%2FLLFcVyOQea1k2Q%3D%3D&trackingId=AcqM9FwkMoQG%2BozyoSTQ2g%3D%3D,LinkedIn
Business Analyst - Credit Eligibility,M-KOPA,"Nairobi, Nairobi County, Kenya",2025-11-26,https://ke.linkedin.com/jobs/view/business-analyst-credit-eligibility-at-m-kopa-4339230637?position=6&pageNum=0&refId=ftr7crp%2FLLFcVyOQea1k2Q%3D%3D&trackingId=fr%2FhLOxCHFP8%2FzF7VYPh%2BA%3D%3D,LinkedIn
Head of Analytics,Yassir,"Nairobi, Nairobi County, Kenya",2025-09-30,https://ke.linkedin.com/jobs/view/head-of-analytics-at-yassir-4308495688?position=1&pageNum=0&refId=X1XveXW2wWLPihX%2FBFxlYA%3D%3D&trackingId=Az3oNoFmLh7wkltTxohA8Q%3D%3D,LinkedIn
Data Analyst,Odixcity Consulting,Tanzania,2025-11-15,https://tz.linkedin.com/jobs/view/data-analyst-at-odixcity-consulting-4336294955?position=1&pageNum=0&refId=jg8%2BkxMVTG6M%2Bp2KYF0XEg%3D%3D&trackingId=wJwBOGFhPom96icwObMViA%3D%3D,LinkedIn
Business Intelligence Analyst,PalmPay,"Dar es-Salaam, Dar es Salaam, Tanzania",2025-11-06,https://tz.linkedin.com/jobs/view/business-intelligence-analyst-at-palmpay-4337917784?position=2&pageNum=0&refId=jg8%2BkxMVTG6M%2Bp2KYF0XEg%3D%3D&trackingId=8z0UHqIXRJbL7bhZF5Bqaw%3D%3D,LinkedIn
Analyst,TCRA LIMITED,"Mwanza Region, Tanzania",2026-01-07,https://tz.linkedin.com/jobs/view/analyst-at-tcra-limited-4351732273?position=3&pageNum=0&refId=jg8%2BkxMVTG6M%2Bp2KYF0XEg%3D%3D&trackingId=%2Fse3jQEiWMqHK4EMdzEExw%3D%3D,LinkedIn
********** *******,***** ********,"*** *****, ******, ********",2025-12-19,https://tz.linkedin.com/jobs/view/operations-analyst-at-verra-mobility-4314670911?position=4&pageNum=0&refId=jg8%2BkxMVTG6M%2Bp2KYF0XEg%3D%3D&trackingId=TF9qobnqw9z7QQ%2FKr9feVg%3D%3D,LinkedIn
**** *********,******** **********,********,2025-11-15,https://tz.linkedin.com/jobs/view/data-scientist-at-odixcity-consulting-4336115548?position=5&pageNum=0&refId=jg8%2BkxMVTG6M%2Bp2KYF0XEg%3D%3D&trackingId=R7EWTcYO2z%2BKJbV2xO%2Fkhw%3D%3D,LinkedIn
****** *********,******** **********,********,2025-11-14,https://tz.linkedin.com/jobs/view/python-developer-at-odixcity-consulting-4336056585?position=6&pageNum=0&refId=jg8%2BkxMVTG6M%2Bp2KYF0XEg%3D%3D&trackingId=60aZsRDPjsdCGtrEOBZNvw%3D%3D,LinkedIn
***** ********,******** **********,********,2025-11-15,https://tz.linkedin.com/jobs/view/cloud-engineer-at-odixcity-consulting-4336075523?position=7&pageNum=0&refId=jg8%2BkxMVTG6M%2Bp2KYF0XEg%3D%3D&trackingId=8hOzyzsbjfpKPHUFPwIEoQ%3D%3D,LinkedIn
Data Analyst,Odixcity Consulting,Tanzania,2025-11-15,https://tz.linkedin.com/jobs/view/data-analyst-at-odixcity-consulting-4336294955?position=1&pageNum=0&refId=FZJDSDX7aRDn%2Bo%2BSIf8gCQ%3D%3D&trackingId=BGHnX1XoVx4Gx3shIKELcg%3D%3D,LinkedIn
Business Intelligence Analyst,PalmPay,"Dar es-Salaam, Dar es Salaam, Tanzania",2025-11-06,https://tz.linkedin.com/jobs/view/business-intelligence-analyst-at-palmpay-4337917784?position=2&pageNum=0&refId=FZJDSDX7aRDn%2Bo%2BSIf8gCQ%3D%3D&trackingId=gf6iDQmo15rTXFCv4Kzomw%3D%3D,LinkedIn
Analyst,TCRA LIMITED,"Mwanza Region, Tanzania",2026-01-07,https://tz.linkedin.com/jobs/view/analyst-at-tcra-limited-4351732273?position=3&pageNum=0&refId=FZJDSDX7aRDn%2Bo%2BSIf8gCQ%3D%3D&trackingId=WPGhL1xh8vn3anj8tClFZg%3D%3D,LinkedIn
**** *********,******** **********,********,2025-11-15,https://tz.linkedin.com/jobs/view/data-scientist-at-odixcity-consulting-4336115548?position=4&pageNum=0&refId=FZJDSDX7aRDn%2Bo%2BSIf8gCQ%3D%3D&trackingId=YYyUpcBh9hb9%2BsQF1XxMnA%3D%3D,LinkedIn
********** *******,***** ********,"*** *****, ******, ********",2025-12-19,https://tz.linkedin.com/jobs/view/operations-analyst-at-verra-mobility-4314670911?position=5&pageNum=0&refId=FZJDSDX7aRDn%2Bo%2BSIf8gCQ%3D%3D&trackingId=AfcWjA2N6%2F%2BkZe2iQoOPYQ%3D%3D,LinkedIn
Data Analyst,Odixcity Consulting,Tanzania,2025-11-15,https://tz.linkedin.com/jobs/view/data-analyst-at-odixcity-consulting-4336294955?position=1&pageNum=0&refId=p%2BqCAKbTIuxguC0GKwuNSg%3D%3D&trackingId=k2IIeM10RL3YqfmKf5Du6w%3D%3D,LinkedIn
Analyst,TCRA LIMITED,"Mwanza Region, Tanzania",2026-01-07,https://tz.linkedin.com/jobs/view/analyst-at-tcra-limited-4351732273?position=2&pageNum=0&refId=p%2BqCAKbTIuxguC0GKwuNSg%3D%3D&trackingId=i2XWZIGvWxgyJJl1W%2Blbwg%3D%3D,LinkedIn
Business Intelligence Analyst,PalmPay,"Dar es-Salaam, Dar es Salaam, Tanzania",2025-11-06,https://tz.linkedin.com/jobs/view/business-intelligence-analyst-at-palmpay-4337917784?position=3&pageNum=0&refId=p%2BqCAKbTIuxguC0GKwuNSg%3D%3D&trackingId=FpA1LRAs8e3Cy%2BZ7QrMHaA%3D%3D,LinkedIn
****** ******** ********* (**** *****),*******,"*** ** ******, ********",2026-01-06,https://tz.linkedin.com/jobs/view/senior-software-developer-full-stack-at-tanzmed-4351481072?position=4&pageNum=0&refId=p%2BqCAKbTIuxguC0GKwuNSg%3D%3D&trackingId=3%2Bmm3ETWmveopCOOISeplg%3D%3D,LinkedIn
**** *********,******** **********,********,2025-11-15,https://tz.linkedin.com/jobs/view/data-scientist-at-odixcity-consulting-4336115548?position=5&pageNum=0&refId=p%2BqCAKbTIuxguC0GKwuNSg%3D%3D&trackingId=hvkni%2BYmd8Xso7h0FLFxNA%3D%3D,LinkedIn
********** *******,***** ********,"*** *****, ******, ********",2025-12-19,https://tz.linkedin.com/jobs/view/operations-analyst-at-verra-mobility-4314670911?position=6&pageNum=0&refId=p%2BqCAKbTIuxguC0GKwuNSg%3D%3D&trackingId=ZGJffGKuz92Fq2qgKs6YMA%3D%3D,LinkedIn
Data Manager,Aga Khan University,"Dar es Salaam, Tanzania",2026-01-02,https://tz.linkedin.com/jobs/view/data-manager-at-aga-khan-university-4350984517?position=1&pageNum=0&refId=EgyeTK40NlJj%2BgjQU%2FiMkA%3D%3D&trackingId=nutLyvVtSZkXzW63xtQ8UQ%3D%3D,LinkedIn
Tanzania Chief of Staff (Fixed-Term),One Acre Fund,"Iringa, Iringa Region, Tanzania",2025-12-26,https://tz.linkedin.com/jobs/view/tanzania-chief-of-staff-fixed-term-at-one-acre-fund-4325892513?position=2&pageNum=0&refId=EgyeTK40NlJj%2BgjQU%2FiMkA%3D%3D&trackingId=dO8v44B0P8cRXNEXsl6%2BwQ%3D%3D,LinkedIn
HR Lead - Tanzania,Jaza,"Dar es-Salaam, Dar es Salaam, Tanzania",2025-12-29,https://tz.linkedin.com/jobs/view/hr-lead-tanzania-at-jaza-4350732329?position=3&pageNum=0&refId=EgyeTK40NlJj%2BgjQU%2FiMkA%3D%3D&trackingId=Fh3PH%2FWSff%2FNphUvrRhvSA%3D%3D,LinkedIn
**********,***** *** ******,"******, ****** ******, ********",2026-01-06,https://tz.linkedin.com/jobs/view/accountant-at-water-for-people-4330546410?position=4&pageNum=0&refId=EgyeTK40NlJj%2BgjQU%2FiMkA%3D%3D&trackingId=%2BP5SRvdY%2BhzOANVGwQxcpw%3D%3D,LinkedIn
**** *******,******** **********,********,2025-11-15,https://tz.linkedin.com/jobs/view/data-analyst-at-odixcity-consulting-4336294955?position=5&pageNum=0&refId=EgyeTK40NlJj%2BgjQU%2FiMkA%3D%3D&trackingId=h3G0g1XdSbSZzP8EDGPurA%3D%3D,LinkedIn
"********** *********, *** - ******",***** **** *********,"******, ****** ******, ********",2026-01-06,https://tz.linkedin.com/jobs/view/monitoring-assistant-sc5-dodoma-at-world-food-programme-4358283006?position=6&pageNum=0&refId=EgyeTK40NlJj%2BgjQU%2FiMkA%3D%3D&trackingId=uhSBF98ZfAqnvtWptpU1WA%3D%3D,LinkedIn
******** **********,****** ********,********,2025-12-31,https://tz.linkedin.com/jobs/view/solution-specialist-at-airtel-tanzania-4329766217?position=7&pageNum=0&refId=EgyeTK40NlJj%2BgjQU%2FiMkA%3D%3D&trackingId=cO9IxcInefNs2MwxSp8zGg%3D%3D,LinkedIn
Customer Sales & Service Team Leader - Tanzania,Emirates,"Dar es-Salaam, Dar es Salaam, Tanzania",2025-12-29,https://tz.linkedin.com/jobs/view/customer-sales-service-team-leader-tanzania-at-emirates-4350781273?position=1&pageNum=0&refId=kIEdrzrKo2WWGVdlW0WOHg%3D%3D&trackingId=74gVFAzElhLNW2oXhlAmPA%3D%3D,LinkedIn
HR Lead - Tanzania,Jaza,"Dar es-Salaam, Dar es Salaam, Tanzania",2025-12-29,https://tz.linkedin.com/jobs/view/hr-lead-tanzania-at-jaza-4350732329?position=2&pageNum=0&refId=kIEdrzrKo2WWGVdlW0WOHg%3D%3D&trackingId=VEJwwk8W1N1Ssg676vd67g%3D%3D,LinkedIn
"Monitoring Assistant, SC5 - Dodoma",World Food Programme,"Dodoma, Dodoma Region, Tanzania",2026-01-06,https://tz.linkedin.com/jobs/view/monitoring-assistant-sc5-dodoma-at-world-food-programme-4358283006?position=3&pageNum=0&refId=kIEdrzrKo2WWGVdlW0WOHg%3D%3D&trackingId=c8cHvLQWZpFD96FrjgR4%2Fg%3D%3D,LinkedIn
Business Intelligence Analyst,PalmPay,"Dar es-Salaam, Dar es Salaam, Tanzania",2025-11-06,https://tz.linkedin.com/jobs/view/business-intelligence-analyst-at-palmpay-4337917784?position=1&pageNum=0&refId=x%2FpAW5LO4SHl6XPDr1N90w%3D%3D&trackingId=aiFWpWACkAOv6jDAzKCZRg%3D%3D,LinkedIn
Data Analyst,Odixcity Consulting,Tanzania,2025-11-15,https://tz.linkedin.com/jobs/view/data-analyst-at-odixcity-consulting-4336294955?position=2&pageNum=0&refId=x%2FpAW5LO4SHl6XPDr1N90w%3D%3D&trackingId=hOUkg413yJP%2Fo3MlIf9tFg%3D%3D,LinkedIn
Business Intelligence Analyst,PalmPay,"Dar es-Salaam, Dar es Salaam, Tanzania",2025-11-06,https://tz.linkedin.com/jobs/view/business-intelligence-analyst-at-palmpay-4337917784?position=1&pageNum=0&refId=8BfYrWmycociXDYfLYqeJA%3D%3D&trackingId=n72YgspTlTD8vF4F9dl1XQ%3D%3D,LinkedIn
Data Analyst,Odixcity Consulting,Tanzania,2025-11-15,https://tz.linkedin.com/jobs/view/data-analyst-at-odixcity-consulting-4336294955?position=2&pageNum=0&refId=8BfYrWmycociXDYfLYqeJA%3D%3D&trackingId=olXW3N4%2BxZSYdusplZRhjw%3D%3D,LinkedIn
Business Intelligence Analyst,PalmPay,"Dar es-Salaam, Dar es Salaam, Tanzania",2025-11-06,https://tz.linkedin.com/jobs/view/business-intelligence-analyst-at-palmpay-4337917784?position=1&pageNum=0&refId=wnspWRcxyQZHTo%2BLcz%2B1tg%3D%3D&trackingId=pU9DBVDyDb%2FvHibGLK9wyA%3D%3D,LinkedIn
Data Manager,Aga Khan University,"Dar es Salaam, Tanzania",2026-01-02,https://tz.linkedin.com/jobs/view/data-manager-at-aga-khan-university-4350984517?position=1&pageNum=0&refId=i00LK9wmOew4%2BbbmxHEBzg%3D%3D&trackingId=CPU28agJytPHc0sQ4lnh3g%3D%3D,LinkedIn
Business Intelligence Analyst,PalmPay,"Dar es-Salaam, Dar es Salaam, Tanzania",2025-11-06,https://tz.linkedin.com/jobs/view/business-intelligence-analyst-at-palmpay-4337917784?position=1&pageNum=0&refId=2WVD%2FhtFmp2D2bIoyrUIFg%3D%3D&trackingId=23p%2BK1kGcsxPE1glGbY8ZQ%3D%3D,LinkedIn
Business Intelligence Analyst,PalmPay,"Dar es-Salaam, Dar es Salaam, Tanzania",2025-11-06,https://tz.linkedin.com/jobs/view/business-intelligence-analyst-at-palmpay-4337917784?position=1&pageNum=0&refId=68Y3dCeJo0I022C9MWR16Q%3D%3D&trackingId=j5fPKK3WumXFmsum91CbQg%3D%3D,LinkedIn
Business Intelligence Analyst,PalmPay,"Dar es-Salaam, Dar es Salaam, Tanzania",2025-11-06,https://tz.linkedin.com/jobs/view/business-intelligence-analyst-at-palmpay-4337917784?position=1&pageNum=0&refId=JWeLcEr%2F%2BY97kSs7zfiQ8Q%3D%3D&trackingId=RPbhVd%2FnyUKcCZDsxbcJ4A%3D%3D,LinkedIn
Reservations Manager,Four Seasons Hotels and Resorts,"Arusha, Arusha, Tanzania",2025-12-22,https://tz.linkedin.com/jobs/view/reservations-manager-at-four-seasons-hotels-and-resorts-4345628459?position=1&pageNum=0&refId=21E9haIDIIv4040PQAYGng%3D%3D&trackingId=rcPk9NO8WnuXK2fI3NHRQw%3D%3D,LinkedIn
Data Analyst,Odixcity Consulting,Uganda,2025-11-15,https://ug.linkedin.com/jobs/view/data-analyst-at-odixcity-consulting-4336125332?position=1&pageNum=0&refId=MrPnSMPDlBR8J6csqizjoA%3D%3D&trackingId=CWMdR6xoOeJtFdaKAwD%2FQg%3D%3D,LinkedIn
Data Analyst - Credit Eligibility,M-KOPA,"Eastern Region, Uganda",2025-11-26,https://ug.linkedin.com/jobs/view/data-analyst-credit-eligibility-at-m-kopa-4339320495?position=2&pageNum=0&refId=MrPnSMPDlBR8J6csqizjoA%3D%3D&trackingId=qL9J0AZzqvb92%2Fb%2Fr0NiXA%3D%3D,LinkedIn
Data Scientist,Odixcity Consulting,Uganda,2025-11-15,https://ug.linkedin.com/jobs/view/data-scientist-at-odixcity-consulting-4336225106?position=3&pageNum=0&refId=MrPnSMPDlBR8J6csqizjoA%3D%3D&trackingId=zu3qJKqhMV%2F2VU10T992bw%3D%3D,LinkedIn
******** ** ******** *** ******** (************),****,"*******, ******* ******, ******",2026-01-06,https://ug.linkedin.com/jobs/view/director-of-evidence-and-learning-statistician-at-tiko-4344637406?position=4&pageNum=0&refId=MrPnSMPDlBR8J6csqizjoA%3D%3D&trackingId=B9dLi28n1Ao7axgWmFqNlw%3D%3D,LinkedIn
**** *********,******** **********,******,2025-12-22,https://ug.linkedin.com/jobs/view/zoho-developer-at-odixcity-consulting-4345744519?position=5&pageNum=0&refId=MrPnSMPDlBR8J6csqizjoA%3D%3D&trackingId=LBKG15Ech%2FFXVhdRAZfqvw%3D%3D,LinkedIn
****** *********** **** *******,*********,******,2025-12-18,https://ug.linkedin.com/jobs/view/senior-collections-risk-analyst-at-fairmoney-4109618649?position=6&pageNum=0&refId=MrPnSMPDlBR8J6csqizjoA%3D%3D&trackingId=M5HYt6Co8u0v3es%2BPCad%2Bg%3D%3D,LinkedIn
****** ******* ******* - ****** & *********,*-****,"******* ******, ******",2025-11-26,https://ug.linkedin.com/jobs/view/senior-product-analyst-growth-retention-at-m-kopa-4339400341?position=7&pageNum=0&refId=MrPnSMPDlBR8J6csqizjoA%3D%3D&trackingId=Qw4WMv7S1b2gAugREOqOOA%3D%3D,LinkedIn
Data Analyst,Odixcity Consulting,Uganda,2025-11-15,https://ug.linkedin.com/jobs/view/data-analyst-at-odixcity-consulting-4336125332?position=1&pageNum=0&refId=yEzkKk4TZGKW7lbyWomVVw%3D%3D&trackingId=XvmM21iofoSLG1xNDZlHug%3D%3D,LinkedIn
Software Engineer - Backend,Raising The Village,"Mbarara, Western Region, Uganda",2025-12-18,https://ug.linkedin.com/jobs/view/software-engineer-backend-at-raising-the-village-4344944027?position=2&pageNum=0&refId=yEzkKk4TZGKW7lbyWomVVw%3D%3D&trackingId=Bfm%2FPrzk7nofJzsTXprruw%3D%3D,LinkedIn
Data Analyst - Credit Eligibility,M-KOPA,"Eastern Region, Uganda",2025-11-26,https://ug.linkedin.com/jobs/view/data-analyst-credit-eligibility-at-m-kopa-4339320495?position=3&pageNum=0&refId=yEzkKk4TZGKW7lbyWomVVw%3D%3D&trackingId=mJ%2Frp1ivJ9dGWkDmEXtysw%3D%3D,LinkedIn
** ******** ********,******** ****** ********,"****** ******, ******** ******, ******",2025-12-18,https://ug.linkedin.com/jobs/view/sr-software-engineer-at-ensemble-health-partners-4294252393?position=4&pageNum=0&refId=yEzkKk4TZGKW7lbyWomVVw%3D%3D&trackingId=CUBlvP4Q%2FyMT0mrwIN%2FQzw%3D%3D,LinkedIn
**** *********,******** **********,******,2025-11-15,https://ug.linkedin.com/jobs/view/data-scientist-at-odixcity-consulting-4336225106?position=5&pageNum=0&refId=yEzkKk4TZGKW7lbyWomVVw%3D%3D&trackingId=tJx%2BtBRUOeGh1uKJqw9tTw%3D%3D,LinkedIn
****** ********* ***** *******,***** *********** ******** ***,"****, ******** ******, ******",2025-01-10,https://ug.linkedin.com/jobs/view/senior-technical-sales-manager-at-intel-outsourcing-services-plc-4122068449?position=6&pageNum=0&refId=yEzkKk4TZGKW7lbyWomVVw%3D%3D&trackingId=DznFsAACLCbhZ3ilt%2BTvmg%3D%3D,LinkedIn
******** ** ******** *** ******** (************),****,"*******, ******* ******, ******",2026-01-06,https://ug.linkedin.com/jobs/view/director-of-evidence-and-learning-statistician-at-tiko-4344637406?position=7&pageNum=0&refId=yEzkKk4TZGKW7lbyWomVVw%3D%3D&trackingId=%2FgnsxfnBnFpwNyI6xCIi%2Fw%3D%3D,LinkedIn
Data Analyst,Odixcity Consulting,Uganda,2025-11-15,https://ug.linkedin.com/jobs/view/data-analyst-at-odixcity-consulting-4336125332?position=1&pageNum=0&refId=XunU5CTewaJhn%2FRViY7Fvg%3D%3D&trackingId=QCWqs2psbQSly4KebhMB%2BA%3D%3D,LinkedIn
Data Analyst - Credit Eligibility,M-KOPA,"Eastern Region, Uganda",2025-11-26,https://ug.linkedin.com/jobs/view/data-analyst-credit-eligibility-at-m-kopa-4339320495?position=2&pageNum=0&refId=XunU5CTewaJhn%2FRViY7Fvg%3D%3D&trackingId=nSOAf7IZ8DxVngnweOcOCw%3D%3D,LinkedIn
Data Scientist,Odixcity Consulting,Uganda,2025-11-15,https://ug.linkedin.com/jobs/view/data-scientist-at-odixcity-consulting-4336225106?position=3&pageNum=0&refId=XunU5CTewaJhn%2FRViY7Fvg%3D%3D&trackingId=RRmlaX6%2FVTbKwAHyS2rLaA%3D%3D,LinkedIn
******** ** ******** *** ******** (************),****,"*******, ******* ******, ******",2026-01-06,https://ug.linkedin.com/jobs/view/director-of-evidence-and-learning-statistician-at-tiko-4344637406?position=4&pageNum=0&refId=XunU5CTewaJhn%2FRViY7Fvg%3D%3D&trackingId=H4KP1FZsTeLkZlOOjEYi4A%3D%3D,LinkedIn
****** ******* ******* - ****** & *********,*-****,"******* ******, ******",2025-11-26,https://ug.linkedin.com/jobs/view/senior-product-analyst-growth-retention-at-m-kopa-4339400341?position=5&pageNum=0&refId=XunU5CTewaJhn%2FRViY7Fvg%3D%3D&trackingId=tJI88A9KHRuLCE884KuRvQ%3D%3D,LinkedIn
"Manager, Finance Emergency Response Team",International Medical Corps,"Primary, Eastern Region, Uganda",2025-03-21,https://ug.linkedin.com/jobs/view/manager-finance-emergency-response-team-at-international-medical-corps-4210647616?position=1&pageNum=0&refId=e%2FIedbXvAQrG%2BJgUzALdKw%3D%3D&trackingId=h29j5LCaricqFsyGah%2B5DA%3D%3D,LinkedIn
"Horticulture Marketing Manager, Uganda GROWTH Activity (Ugandan Nationals Only)",TechnoServe,Uganda,2025-10-03,https://ug.linkedin.com/jobs/view/horticulture-marketing-manager-uganda-growth-activity-ugandan-nationals-only-at-technoserve-4307533818?position=2&pageNum=0&refId=e%2FIedbXvAQrG%2BJgUzALdKw%3D%3D&trackingId=VMM9vpWVjRbzjnYxH3TUNQ%3D%3D,LinkedIn
Uganda Data and Systems Lead (Fixed-Term),ReliefWeb,Uganda,2025-12-23,https://ug.linkedin.com/jobs/view/uganda-data-and-systems-lead-fixed-term-at-reliefweb-4329200062?position=3&pageNum=0&refId=e%2FIedbXvAQrG%2BJgUzALdKw%3D%3D&trackingId=YgxkIQnvezUbfN82x%2Fj62w%3D%3D,LinkedIn
****** **** *** ******* ****,**************.***,******,2025-12-23,https://ug.linkedin.com/jobs/view/uganda-data-and-systems-lead-at-millionexperts-com-4346121788?position=4&pageNum=0&refId=e%2FIedbXvAQrG%2BJgUzALdKw%3D%3D&trackingId=UNsCoYRzgU9YGDxkzMlgMQ%3D%3D,LinkedIn
****** **** *** ******* **** (*****-****),*** **** ****,"*****, ******* ******, ******",2025-12-22,https://ug.linkedin.com/jobs/view/uganda-data-and-systems-lead-fixed-term-at-one-acre-fund-4328507090?position=5&pageNum=0&refId=e%2FIedbXvAQrG%2BJgUzALdKw%3D%3D&trackingId=3Dt0yarQYXydaranKPR2pA%3D%3D,LinkedIn
**** *******,******** **********,******,2025-11-15,https://ug.linkedin.com/jobs/view/data-analyst-at-odixcity-consulting-4336125332?position=6&pageNum=0&refId=e%2FIedbXvAQrG%2BJgUzALdKw%3D%3D&trackingId=CaMGjVq%2BHwNWmutJv7XurA%3D%3D,LinkedIn
** ******* - ************ & *********,***** ******,"***** ****, ******** ******, ******",2026-01-07,https://ug.linkedin.com/jobs/view/it-officer-verification-reporting-at-world-vision-4349385360?position=7&pageNum=0&refId=e%2FIedbXvAQrG%2BJgUzALdKw%3D%3D&trackingId=Li3Um%2Bubyqy1IA8ne33tSQ%3D%3D,LinkedIn
Head of Sales,PalmPay,Uganda,2025-11-27,https://ug.linkedin.com/jobs/view/head-of-sales-at-palmpay-4347795456?position=1&pageNum=0&refId=UwJOX%2FVcA5hgp9ytedvs3Q%3D%3D&trackingId=8bZ51Nw%2F4u2DEkBF1hr8Yg%3D%3D,LinkedIn
SENIOR DEBT STRUCTURING ANALYST,Q-Sourcing Servtec Uganda,"Kampala, Central Region, Uganda",2025-12-12,https://ug.linkedin.com/jobs/view/senior-debt-structuring-analyst-at-q-sourcing-servtec-uganda-4343521981?position=2&pageNum=0&refId=UwJOX%2FVcA5hgp9ytedvs3Q%3D%3D&trackingId=ZAv71Lpj7OEw5np%2BO2izhQ%3D%3D,LinkedIn
Senior Product Analyst - Growth & Retention,M-KOPA,"Eastern Region, Uganda",2025-11-26,https://ug.linkedin.com/jobs/view/senior-product-analyst-growth-retention-at-m-kopa-4339400341?position=3&pageNum=0&refId=UwJOX%2FVcA5hgp9ytedvs3Q%3D%3D&trackingId=eNlqRjJllwdXlMm%2Fc2To6A%3D%3D,LinkedIn
Data Analyst,Odixcity Consulting,Uganda,2025-11-15,https://ug.linkedin.com/jobs/view/data-analyst-at-odixcity-consulting-4336125332?position=1&pageNum=0&refId=tQke4BsLgYUAxupLbKBuCA%3D%3D&trackingId=ltp4L436Ss7rxG3UO0WcEg%3D%3D,LinkedIn
Data Analyst - Credit Eligibility,M-KOPA,"Eastern Region, Uganda",2025-11-26,https://ug.linkedin.com/jobs/view/data-analyst-credit-eligibility-at-m-kopa-4339320495?position=2&pageNum=0&refId=tQke4BsLgYUAxupLbKBuCA%3D%3D&trackingId=UxchHIx9N0bnLYmBYkeh6Q%3D%3D,LinkedIn
Sales Trainee - Uganda,Rentokil Initial,"Kampala, Central Region, Uganda",2025-12-09,https://ug.linkedin.com/jobs/view/sales-trainee-uganda-at-rentokil-initial-4342718029?position=3&pageNum=0&refId=tQke4BsLgYUAxupLbKBuCA%3D%3D&trackingId=4e5GslPf1BdhTqKpvLrBQQ%3D%3D,LinkedIn
Data Analyst,Odixcity Consulting,Uganda,2025-11-15,https://ug.linkedin.com/jobs/view/data-analyst-at-odixcity-consulting-4336125332?position=1&pageNum=0&refId=OVw3YX9B%2FXSt9zrK4uCiUw%3D%3D&trackingId=DEEn7szPNjxVNFgyDi6A9A%3D%3D,LinkedIn
Data Analyst - Credit Eligibility,M-KOPA,"Eastern Region, Uganda",2025-11-26,https://ug.linkedin.com/jobs/view/data-analyst-credit-eligibility-at-m-kopa-4339320495?position=2&pageNum=0&refId=OVw3YX9B%2FXSt9zrK4uCiUw%3D%3D&trackingId=9OB21FJJUJdWkDLa%2F4555Q%3D%3D,LinkedIn
Business Analyst - Credit Eligibility,M-KOPA,"Eastern Region, Uganda",2025-11-26,https://ug.linkedin.com/jobs/view/business-analyst-credit-eligibility-at-m-kopa-4339370421?position=1&pageNum=0&refId=zKj2igkQL8d6qYzC7cMdkQ%3D%3D&trackingId=RpD9CY5YDcjazBCFOBKR4A%3D%3D,LinkedIn
Business Analyst - Credit Eligibility,M-KOPA,"Eastern Region, Uganda",2025-11-26,https://ug.linkedin.com/jobs/view/business-analyst-credit-eligibility-at-m-kopa-4339370421?position=1&pageNum=0&refId=udOxbak4A9t8qEtotfxRPA%3D%3D&trackingId=XPGiU4HUIyClfLPKT5sr%2Bw%3D%3D,LinkedIn
Data Analyst,Odixcity Consulting,Rwanda,2025-11-15,https://rw.linkedin.com/jobs/view/data-analyst-at-odixcity-consulting-4336085642?position=1&pageNum=0&refId=5ZN1OO6On1UVoKqYZKJ0Xw%3D%3D&trackingId=34HohQdceBe3Inb9OSIBtg%3D%3D,LinkedIn
Process Analyst- Rwanda,Watu Credit,Rwanda,2024-08-01,https://rw.linkedin.com/jobs/view/process-analyst-rwanda-at-watu-credit-3989952344?position=2&pageNum=0&refId=5ZN1OO6On1UVoKqYZKJ0Xw%3D%3D&trackingId=j4EDFMf%2Bk1KiAORI%2FFk8kQ%3D%3D,LinkedIn
Data Analyst - Credit Eligibility,M-KOPA,"Kigali, Kigali City, Rwanda",2025-11-26,https://rw.linkedin.com/jobs/view/data-analyst-credit-eligibility-at-m-kopa-4339250592?position=3&pageNum=0&refId=5ZN1OO6On1UVoKqYZKJ0Xw%3D%3D&trackingId=nL6G%2Ff3Nq27UKJdYsK%2BPHg%3D%3D,LinkedIn
******* *********** **** *******,*******,"******, ****** ****, ******",2025-12-16,https://rw.linkedin.com/jobs/view/systems-engineering-data-analyst-at-zipline-4173157695?position=4&pageNum=0&refId=5ZN1OO6On1UVoKqYZKJ0Xw%3D%3D&trackingId=6tkaROLljtgZZsLMj5HG1A%3D%3D,LinkedIn
"*******, ******** & ********** ************ (**) **** ********","******* ****** ****** **********, ***.",******,2025-12-20,https://rw.linkedin.com/jobs/view/officer-platform-artificial-intelligence-ai-data-engineer-at-clinton-health-access-initiative-inc-4328138500?position=5&pageNum=0&refId=5ZN1OO6On1UVoKqYZKJ0Xw%3D%3D&trackingId=IOjW9Cc5MmtoHvzPnpsziw%3D%3D,LinkedIn
"*******, ******** & ********** ************ (**) **** ********","******* ****** ****** **********, ***.","******, ****** ****, ******",2025-12-20,https://rw.linkedin.com/jobs/view/officer-platform-artificial-intelligence-ai-data-engineer-at-clinton-health-access-initiative-inc-4345206095?position=6&pageNum=0&refId=5ZN1OO6On1UVoKqYZKJ0Xw%3D%3D&trackingId=ScqV4t71D6NcDKgZuvOqSg%3D%3D,LinkedIn
**** *********,******** **********,******,2025-11-15,https://rw.linkedin.com/jobs/view/data-scientist-at-odixcity-consulting-4336115549?position=7&pageNum=0&refId=5ZN1OO6On1UVoKqYZKJ0Xw%3D%3D&trackingId=dSXjhh46h%2BFyZrlDfLoUEQ%3D%3D,LinkedIn
Systems Engineering Data Analyst,Zipline,"Kigali, Kigali City, Rwanda",2025-12-16,https://rw.linkedin.com/jobs/view/systems-engineering-data-analyst-at-zipline-4173157695?position=1&pageNum=0&refId=ol6PzpKuBVNIrlE8giW83g%3D%3D&trackingId=RNhngaHv4g2484SnHO0aXg%3D%3D,LinkedIn
Data Analyst,Odixcity Consulting,Rwanda,2025-11-15,https://rw.linkedin.com/jobs/view/data-analyst-at-odixcity-consulting-4336085642?position=2&pageNum=0&refId=ol6PzpKuBVNIrlE8giW83g%3D%3D&trackingId=WrsULftTcb4STRzyr9irrQ%3D%3D,LinkedIn
"Officer, Platform & Artificial Intelligence (AI) Data Engineer","Clinton Health Access Initiative, Inc.",Rwanda,2025-12-20,https://rw.linkedin.com/jobs/view/officer-platform-artificial-intelligence-ai-data-engineer-at-clinton-health-access-initiative-inc-4328138500?position=3&pageNum=0&refId=ol6PzpKuBVNIrlE8giW83g%3D%3D&trackingId=QMKYVPfylbk5hcsSe55Gqw%3D%3D,LinkedIn
"*******, ******** & ********** ************ (**) **** ********","******* ****** ****** **********, ***.","******, ****** ****, ******",2025-12-20,https://rw.linkedin.com/jobs/view/officer-platform-artificial-intelligence-ai-data-engineer-at-clinton-health-access-initiative-inc-4345206095?position=4&pageNum=0&refId=ol6PzpKuBVNIrlE8giW83g%3D%3D&trackingId=oWeI68feQyBdza7d1K0dzw%3D%3D,LinkedIn
******** ***** ********,*******,"******, ****** ****, ******",2025-12-25,https://rw.linkedin.com/jobs/view/software-tools-engineer-at-zipline-4124922853?position=5&pageNum=0&refId=ol6PzpKuBVNIrlE8giW83g%3D%3D&trackingId=x6PXBagocDWc8tj5wOw9Pg%3D%3D,LinkedIn
"********* *******, **** ******** - ****** ******* *************","******* ****** ****** **********, ***.",******,2025-09-19,https://rw.linkedin.com/jobs/view/technical-advisor-data-engineer-health-systems-strengthening-at-clinton-health-access-initiative-inc-4302772220?position=6&pageNum=0&refId=ol6PzpKuBVNIrlE8giW83g%3D%3D&trackingId=UKqkFlW%2B%2B8Hq4v9GBFoF%2Bg%3D%3D,LinkedIn
**** ******* - ****** ***********,*-****,"******, ****** ****, ******",2025-11-26,https://rw.linkedin.com/jobs/view/data-analyst-credit-eligibility-at-m-kopa-4339250592?position=7&pageNum=0&refId=ol6PzpKuBVNIrlE8giW83g%3D%3D&trackingId=cp9FXmI22bS6FygEw%2Feo%2BQ%3D%3D,LinkedIn
Data Analyst,Odixcity Consulting,Rwanda,2025-11-15,https://rw.linkedin.com/jobs/view/data-analyst-at-odixcity-consulting-4336085642?position=1&pageNum=0&refId=DJjxvC8mkLDjgc4%2FE7IyyQ%3D%3D&trackingId=j%2BXlnB83O7Cba3MDbch%2Fnw%3D%3D,LinkedIn
Systems Engineering Data Analyst,Zipline,"Kigali, Kigali City, Rwanda",2025-12-16,https://rw.linkedin.com/jobs/view/systems-engineering-data-analyst-at-zipline-4173157695?position=2&pageNum=0&refId=DJjxvC8mkLDjgc4%2FE7IyyQ%3D%3D&trackingId=fIuQsPyZeLdinxdRI0HeOg%3D%3D,LinkedIn
"Officer, Platform & Artificial Intelligence (AI) Data Engineer","Clinton Health Access Initiative, Inc.",Rwanda,2025-12-20,https://rw.linkedin.com/jobs/view/officer-platform-artificial-intelligence-ai-data-engineer-at-clinton-health-access-initiative-inc-4328138500?position=3&pageNum=0&refId=DJjxvC8mkLDjgc4%2FE7IyyQ%3D%3D&trackingId=CufuhrC5%2FP3joPIL6wvoZA%3D%3D,LinkedIn
"*******, ******** & ********** ************ (**) **** ********","******* ****** ****** **********, ***.","******, ****** ****, ******",2025-12-20,https://rw.linkedin.com/jobs/view/officer-platform-artificial-intelligence-ai-data-engineer-at-clinton-health-access-initiative-inc-4345206095?position=4&pageNum=0&refId=DJjxvC8mkLDjgc4%2FE7IyyQ%3D%3D&trackingId=IZn1rFPG%2FKZ6%2BDKWpOVtHw%3D%3D,LinkedIn
**** ******* - ****** ***********,*-****,"******, ****** ****, ******",2025-11-26,https://rw.linkedin.com/jobs/view/data-analyst-credit-eligibility-at-m-kopa-4339250592?position=5&pageNum=0&refId=DJjxvC8mkLDjgc4%2FE7IyyQ%3D%3D&trackingId=0b5DhRyEvN2zBGFnCrdI5g%3D%3D,LinkedIn
******* *********** **********,********,"******, ****** ****, ******",2025-11-25,https://rw.linkedin.com/jobs/view/systems-integration-specialist-at-inkomoko-4338888287?position=6&pageNum=0&refId=DJjxvC8mkLDjgc4%2FE7IyyQ%3D%3D&trackingId=wEh1HYzymL2SLB2ciwLvWQ%3D%3D,LinkedIn
**** *********,******** **********,******,2025-11-15,https://rw.linkedin.com/jobs/view/data-scientist-at-odixcity-consulting-4336115549?position=7&pageNum=0&refId=DJjxvC8mkLDjgc4%2FE7IyyQ%3D%3D&trackingId=v4RsX0OeWQEf9cVdaB%2Bttw%3D%3D,LinkedIn
"Director of Inclusive Finance - Chad, Ethiopia, Kenya, Rwanda, South Sudan",Inkomoko,"Kigali, Kigali City, Rwanda",2025-09-12,https://rw.linkedin.com/jobs/view/director-of-inclusive-finance-chad-ethiopia-kenya-rwanda-south-sudan-at-inkomoko-4300009744?position=1&pageNum=0&refId=lAek2MVHyy3G5T3rQX1FwQ%3D%3D&trackingId=UbXzAyZ7eXuP291lmCnPFQ%3D%3D,LinkedIn
MID WIFE,King Faisal Hospital Rwanda,"Gisozi, Kigali City, Rwanda",2025-12-18,https://rw.linkedin.com/jobs/view/mid-wife-at-king-faisal-hospital-rwanda-4344863377?position=2&pageNum=0&refId=lAek2MVHyy3G5T3rQX1FwQ%3D%3D&trackingId=romQwJTMwFI61Y%2BuaNwSPQ%3D%3D,LinkedIn
"Officer, Platform & Artificial Intelligence (AI) Data Engineer","Clinton Health Access Initiative, Inc.","Kigali, Kigali City, Rwanda",2025-12-20,https://rw.linkedin.com/jobs/view/officer-platform-artificial-intelligence-ai-data-engineer-at-clinton-health-access-initiative-inc-4345206095?position=3&pageNum=0&refId=lAek2MVHyy3G5T3rQX1FwQ%3D%3D&trackingId=DaV0zJIoeYz0qmuIpRVNfg%3D%3D,LinkedIn
"*******, ******** & ********** ************ (**) **** ********","******* ****** ****** **********, ***.",******,2025-12-20,https://rw.linkedin.com/jobs/view/officer-platform-artificial-intelligence-ai-data-engineer-at-clinton-health-access-initiative-inc-4328138500?position=4&pageNum=0&refId=lAek2MVHyy3G5T3rQX1FwQ%3D%3D&trackingId=8heDGh7f9dwT8BJqDsUiXw%3D%3D,LinkedIn
****** ****** *******,*********** *** ******* ******,******,2025-12-19,https://rw.linkedin.com/jobs/view/senior-policy-manager-at-innovations-for-poverty-action-4328310739?position=5&pageNum=0&refId=lAek2MVHyy3G5T3rQX1FwQ%3D%3D&trackingId=m3epI%2BDxWUKdR3kvP9mO4g%3D%3D,LinkedIn
"********* *******, **** ******** - ****** ******* *************","******* ****** ****** **********, ***.",******,2025-09-19,https://rw.linkedin.com/jobs/view/technical-advisor-data-engineer-health-systems-strengthening-at-clinton-health-access-initiative-inc-4302772220?position=6&pageNum=0&refId=lAek2MVHyy3G5T3rQX1FwQ%3D%3D&trackingId=v5tY4wYygSQd2mX5R34N7g%3D%3D,LinkedIn
****** ****** **** ******,**************.***,******,2025-11-20,https://rw.linkedin.com/jobs/view/global-client-data-intern-at-millionexperts-com-4323584993?position=7&pageNum=0&refId=lAek2MVHyy3G5T3rQX1FwQ%3D%3D&trackingId=kdZpGoYB1pLB2%2B6F44cvug%3D%3D,LinkedIn
Head of IT Infrastructure and Security,Inkomoko,"Kigali, Kigali City, Rwanda",2025-11-28,https://rw.linkedin.com/jobs/view/head-of-it-infrastructure-and-security-at-inkomoko-4339812276?position=1&pageNum=0&refId=wfvp79CLh0RL%2FpeK909j1g%3D%3D&trackingId=HYW6c9qGC1CPZJ26Lw%2FMjw%3D%3D,LinkedIn
"Director of Inclusive Finance - Chad, Ethiopia, Kenya, Rwanda, South Sudan",Inkomoko,"Kigali, Kigali City, Rwanda",2025-09-12,https://rw.linkedin.com/jobs/view/director-of-inclusive-finance-chad-ethiopia-kenya-rwanda-south-sudan-at-inkomoko-4300009744?position=2&pageNum=0&refId=wfvp79CLh0RL%2FpeK909j1g%3D%3D&trackingId=03pPdVE%2BqbiOZjA0QODa7Q%3D%3D,LinkedIn
Process Analyst- Rwanda,Watu Credit,Rwanda,2024-08-01,https://rw.linkedin.com/jobs/view/process-analyst-rwanda-at-watu-credit-3989952344?position=3&pageNum=0&refId=wfvp79CLh0RL%2FpeK909j1g%3D%3D&trackingId=QKi1gySMop0Iz%2BGMZCknsw%3D%3D,LinkedIn
Data Analyst,Odixcity Consulting,Rwanda,2025-11-15,https://rw.linkedin.com/jobs/view/data-analyst-at-odixcity-consulting-4336085642?position=1&pageNum=0&refId=RTrJZuPNKzHT7C125j588g%3D%3D&trackingId=woDR8jg8Ca4PA5oU4ykDSA%3D%3D,LinkedIn
Data Analyst - Credit Eligibility,M-KOPA,"Kigali, Kigali City, Rwanda",2025-11-26,https://rw.linkedin.com/jobs/view/data-analyst-credit-eligibility-at-m-kopa-4339250592?position=2&pageNum=0&refId=RTrJZuPNKzHT7C125j588g%3D%3D&trackingId=Ybt8YWY2LJgD4MZzrP5pBg%3D%3D,LinkedIn
Systems Engineering Data Analyst,Zipline,"Kigali, Kigali City, Rwanda",2025-12-16,https://rw.linkedin.com/jobs/view/systems-engineering-data-analyst-at-zipline-4173157695?position=3&pageNum=0&refId=RTrJZuPNKzHT7C125j588g%3D%3D&trackingId=r4a9B1Egi8WSsz%2B%2FNU3%2FWw%3D%3D,LinkedIn
Systems Engineering Data Analyst,Zipline,"Kigali, Kigali City, Rwanda",2025-12-16,https://rw.linkedin.com/jobs/view/systems-engineering-data-analyst-at-zipline-4173157695?position=1&pageNum=0&refId=Sz%2FMfs%2BhCO5RQjgbfDmlmA%3D%3D&trackingId=0nhFbQS7q04%2BEn1eV%2BMegg%3D%3D,LinkedIn
Data Analyst,Odixcity Consulting,Rwanda,2025-11-15,https://rw.linkedin.com/jobs/view/data-analyst-at-odixcity-consulting-4336085642?position=2&pageNum=0&refId=Sz%2FMfs%2BhCO5RQjgbfDmlmA%3D%3D&trackingId=noFBrS1T25zbjhr6Saa67g%3D%3D,LinkedIn
Data Analyst - Credit Eligibility,M-KOPA,"Kigali, Kigali City, Rwanda",2025-11-26,https://rw.linkedin.com/jobs/view/data-analyst-credit-eligibility-at-m-kopa-4339250592?position=3&pageNum=0&refId=Sz%2FMfs%2BhCO5RQjgbfDmlmA%3D%3D&trackingId=iec0BWWNtrw6P54LD8yd4Q%3D%3D,LinkedIn
Business Analyst - Credit Eligibility,M-KOPA,"Kigali, Kigali City, Rwanda",2025-11-26,https://rw.linkedin.com/jobs/view/business-analyst-credit-eligibility-at-m-kopa-4339240675?position=1&pageNum=0&refId=Prtz%2F57vVyZbRTrQ8UDuqw%3D%3D&trackingId=IqcFBkJveVwrgWvS6BPq2Q%3D%3D,LinkedIn
Business Analyst - Credit Eligibility,M-KOPA,"Kigali, Kigali City, Rwanda",2025-11-26,https://rw.linkedin.com/jobs/view/business-analyst-credit-eligibility-at-m-kopa-4339240675?position=1&pageNum=0&refId=RblzUBuwXGWyE2ma%2BLBRCQ%3D%3D&trackingId=D9hwFx7dpLuO9NEsn7wdLg%3D%3D,LinkedIn
"Regional Director of Monitoring, Evaluation, and Learning",Inkomoko,"Kigali, Kigali City, Rwanda",2025-11-19,https://rw.linkedin.com/jobs/view/regional-director-of-monitoring-evaluation-and-learning-at-inkomoko-4336839170?position=1&pageNum=0&refId=8BHY3%2FRJn16y7qPpQupWdw%3D%3D&trackingId=JnSDgf943H4EnwWBoZIuyA%3D%3D,LinkedIn
Head of Products and Innovation,Inkomoko,"Kigali, Kigali City, Rwanda",2025-11-28,https://rw.linkedin.com/jobs/view/head-of-products-and-innovation-at-inkomoko-4339852108?position=2&pageNum=0&refId=8BHY3%2FRJn16y7qPpQupWdw%3D%3D&trackingId=JwUhfLD3jdDQxVKz4wzXNw%3D%3D,LinkedIn
Data Analyst,Investigo Government Solutions (IGS),"South West Ethiopia Peoples, Ethiopia",2026-01-06,https://et.linkedin.com/jobs/view/data-analyst-at-investigo-government-solutions-igs-4330514985?position=1&pageNum=0&refId=zzrfLDdpnAj5qyzuhEVYCQ%3D%3D&trackingId=YPPipw54PSp%2BK4Ae5cPqgQ%3D%3D,LinkedIn
Senior Web Data Analyst,GrowExx,"Debre Work, Amhara Region, Ethiopia",2025-09-29,https://et.linkedin.com/jobs/view/senior-web-data-analyst-at-growexx-4305373585?position=2&pageNum=0&refId=zzrfLDdpnAj5qyzuhEVYCQ%3D%3D&trackingId=9%2FFclCydr%2B8drZ7yDSR81g%3D%3D,LinkedIn
Data Engineer,PanApps Inc,"Debre Work, Amhara Region, Ethiopia",2025-09-16,https://et.linkedin.com/jobs/view/data-engineer-at-panapps-inc-4299531149?position=3&pageNum=0&refId=zzrfLDdpnAj5qyzuhEVYCQ%3D%3D&trackingId=oZ4NjnbXIEmiMiPKiA79Uw%3D%3D,LinkedIn
***** **** ********,******,"***** *****, ********",2026-01-05,https://et.linkedin.com/jobs/view/azure-data-engineer-at-kagool-4330096438?position=4&pageNum=0&refId=zzrfLDdpnAj5qyzuhEVYCQ%3D%3D&trackingId=vcOwr0wF2OidKDE4el8MvQ%3D%3D,LinkedIn
**** *********,******** **********,********,2025-11-15,https://et.linkedin.com/jobs/view/data-scientist-at-odixcity-consulting-4336235165?position=5&pageNum=0&refId=zzrfLDdpnAj5qyzuhEVYCQ%3D%3D&trackingId=RIRrFS6zPr3q9xMKKrDlOQ%3D%3D,LinkedIn
************** ******* ** & ******* ******** ** ********,**** ******** (******),"***** *****, ***** *****, ********",2026-01-05,https://et.linkedin.com/jobs/view/implementation-project-qa-support-engineer-in-ethiopia-at-open-function-openfn-4354503788?position=6&pageNum=0&refId=zzrfLDdpnAj5qyzuhEVYCQ%3D%3D&trackingId=6KZ9zkejRPa85mu2YESmAQ%3D%3D,LinkedIn
**** *********,******** **********,********,2025-12-22,https://et.linkedin.com/jobs/view/zoho-developer-at-odixcity-consulting-4345841271?position=7&pageNum=0&refId=zzrfLDdpnAj5qyzuhEVYCQ%3D%3D&trackingId=yE6hgddY80KYjKelin1Y1Q%3D%3D,LinkedIn
Data Engineer,PanApps Inc,"Debre Work, Amhara Region, Ethiopia",2025-09-16,https://et.linkedin.com/jobs/view/data-engineer-at-panapps-inc-4299531149?position=1&pageNum=0&refId=xwKikB%2F2OzBBDC7ex73qFg%3D%3D&trackingId=p%2BBplPQnFoB1IuWvvYaG0g%3D%3D,LinkedIn
Data Analyst,Investigo Government Solutions (IGS),"South West Ethiopia Peoples, Ethiopia",2026-01-06,https://et.linkedin.com/jobs/view/data-analyst-at-investigo-government-solutions-igs-4330514985?position=2&pageNum=0&refId=xwKikB%2F2OzBBDC7ex73qFg%3D%3D&trackingId=ajj4RXEfB7AXU0kRaXG3Mw%3D%3D,LinkedIn
Azure Data Engineer,Kagool,"Addis Ababa, Ethiopia",2026-01-05,https://et.linkedin.com/jobs/view/azure-data-engineer-at-kagool-4330096438?position=3&pageNum=0&refId=xwKikB%2F2OzBBDC7ex73qFg%3D%3D&trackingId=k906lUnmX9oV3hRwLehVNg%3D%3D,LinkedIn
****-***** ******** ********,*** ****,********,2025-12-07,https://et.linkedin.com/jobs/view/full-stack-software-engineer-at-the-flex-4342479161?position=4&pageNum=0&refId=xwKikB%2F2OzBBDC7ex73qFg%3D%3D&trackingId=9eoDzrjDZgJ1hJcH4d%2FHPA%3D%3D,LinkedIn
***** ******** ********,************,"***** *****, ***** *****, ********",2025-12-24,https://et.linkedin.com/jobs/view/sales-solution-engineer-at-paymentology-4329186950?position=5&pageNum=0&refId=xwKikB%2F2OzBBDC7ex73qFg%3D%3D&trackingId=dxDLEHcikZByXQUxaqUzfA%3D%3D,LinkedIn
**** *********,******** **********,********,2025-11-15,https://et.linkedin.com/jobs/view/data-scientist-at-odixcity-consulting-4336235165?position=6&pageNum=0&refId=xwKikB%2F2OzBBDC7ex73qFg%3D%3D&trackingId=bXDibZBpUNJpZOkGqACWRA%3D%3D,LinkedIn
****** ******* & ******** ********,*** ****,********,2025-12-07,https://et.linkedin.com/jobs/view/senior-backend-frontend-engineer-at-the-flex-4342499068?position=7&pageNum=0&refId=xwKikB%2F2OzBBDC7ex73qFg%3D%3D&trackingId=s8pvWgjdt5jsxWrLN6i1%2BA%3D%3D,LinkedIn
Data Analyst,Investigo Government Solutions (IGS),"South West Ethiopia Peoples, Ethiopia",2026-01-06,https://et.linkedin.com/jobs/view/data-analyst-at-investigo-government-solutions-igs-4330514985?position=1&pageNum=0&refId=YGWj9BKeoGH6ehtfdHFzsg%3D%3D&trackingId=mwbU2Pa821ZtpyQwQ6tJ1w%3D%3D,LinkedIn
Data Engineer,PanApps Inc,"Debre Work, Amhara Region, Ethiopia",2025-09-16,https://et.linkedin.com/jobs/view/data-engineer-at-panapps-inc-4299531149?position=2&pageNum=0&refId=YGWj9BKeoGH6ehtfdHFzsg%3D%3D&trackingId=KMtNdrrdfGqeNZjuJqT%2B4A%3D%3D,LinkedIn
Azure Data Engineer,Kagool,"Addis Ababa, Ethiopia",2026-01-05,https://et.linkedin.com/jobs/view/azure-data-engineer-at-kagool-4330096438?position=3&pageNum=0&refId=YGWj9BKeoGH6ehtfdHFzsg%3D%3D&trackingId=5v1y5AimDJDL2c7jCLDvGQ%3D%3D,LinkedIn
******* & ******** *********,*** ****,********,2025-12-07,https://et.linkedin.com/jobs/view/backend-frontend-developer-at-the-flex-4342449361?position=4&pageNum=0&refId=YGWj9BKeoGH6ehtfdHFzsg%3D%3D&trackingId=0tcD%2Bo9yf3zUkdRp%2Fxb0uw%3D%3D,LinkedIn
**** *********,******** **********,********,2025-11-15,https://et.linkedin.com/jobs/view/data-scientist-at-odixcity-consulting-4336235165?position=5&pageNum=0&refId=YGWj9BKeoGH6ehtfdHFzsg%3D%3D&trackingId=0EZQuSy1pn2%2Bx3vejBzIbA%3D%3D,LinkedIn
"Training, Picture Audit & Data Documentation Administrator",TechnoServe,"Addis Ababa, Addis Ababa, Ethiopia",2025-12-31,https://et.linkedin.com/jobs/view/training-picture-audit-data-documentation-administrator-at-technoserve-4350878865?position=1&pageNum=0&refId=aLQtrN133%2FfzCSrLSCdYIg%3D%3D&trackingId=9txcUHxjwI6YrzfMcJ8cxw%3D%3D,LinkedIn
Senior Web Data Analyst,GrowExx,"Debre Work, Amhara Region, Ethiopia",2025-09-29,https://et.linkedin.com/jobs/view/senior-web-data-analyst-at-growexx-4305373585?position=2&pageNum=0&refId=aLQtrN133%2FfzCSrLSCdYIg%3D%3D&trackingId=v1nsBeQmhJ%2BI1eGKTQBmUA%3D%3D,LinkedIn
"Data and Insights Manager, THE ROYAL CENTRAL SCHOOL OF SPEECH AND DRAMA",Guardian Jobs,"Debre Work, Amhara Region, Ethiopia",2025-12-16,https://et.linkedin.com/jobs/view/data-and-insights-manager-the-royal-central-school-of-speech-and-drama-at-guardian-jobs-4343813428?position=3&pageNum=0&refId=aLQtrN133%2FfzCSrLSCdYIg%3D%3D&trackingId=Ag7pf5xIJNb069U3yFZtEw%3D%3D,LinkedIn
"**********, ********** *** ******** ********* - ********",********,********,2025-12-26,https://et.linkedin.com/jobs/view/monitoring-evaluation-and-learning-associate-gambella-at-inkomoko-4346209068?position=4&pageNum=0&refId=aLQtrN133%2FfzCSrLSCdYIg%3D%3D&trackingId=AGo2hQbCLoGfO55ZdGQYjw%3D%3D,LinkedIn
******* ******* - ********,******* (******: ****),"***** *****, ***** *****, ********",2025-12-18,https://et.linkedin.com/jobs/view/general-manager-ethiopia-at-bitdeer-nasdaq-btdr-4344627423?position=5&pageNum=0&refId=aLQtrN133%2FfzCSrLSCdYIg%3D%3D&trackingId=XG5dSFfNsbuCTt9ktx1Wiw%3D%3D,LinkedIn
*********** *******,*** ********,"***** *****, ***** *****, ********",2025-07-09,https://et.linkedin.com/jobs/view/procurement-officer-at-abh-partners-4263733977?position=6&pageNum=0&refId=aLQtrN133%2FfzCSrLSCdYIg%3D%3D&trackingId=zutXDMj38wex2GHax8HQfg%3D%3D,LinkedIn
**** *******,********* ********** ********* (***),"***** **** ******** *******, ********",2026-01-06,https://et.linkedin.com/jobs/view/data-analyst-at-investigo-government-solutions-igs-4330514985?position=7&pageNum=0&refId=aLQtrN133%2FfzCSrLSCdYIg%3D%3D&trackingId=hPpjjxdvuxxC7S0Y1TrnBA%3D%3D,LinkedIn
Head of Data and AI,Inkomoko,"Addis Ababa, Addis Ababa, Ethiopia",2025-11-28,https://et.linkedin.com/jobs/view/head-of-data-and-ai-at-inkomoko-4339882076?position=1&pageNum=0&refId=%2F6ZjV7ilduuspr1bNkdnpQ%3D%3D&trackingId=nDksGEQOvaO6yf%2FXE9jsmA%3D%3D,LinkedIn
Project Manager,Eagle Hills Ethiopia,"Addis Ababa, Ethiopia",2025-12-17,https://et.linkedin.com/jobs/view/project-manager-at-eagle-hills-ethiopia-4344297554?position=2&pageNum=0&refId=%2F6ZjV7ilduuspr1bNkdnpQ%3D%3D&trackingId=GRKkGxFmgnc3FeoF78TB2Q%3D%3D,LinkedIn
Senior Web Data Analyst,GrowExx,"Debre Work, Amhara Region, Ethiopia",2025-09-29,https://et.linkedin.com/jobs/view/senior-web-data-analyst-at-growexx-4305373585?position=1&pageNum=0&refId=2iRKrajV66jYoHmKUQurMg%3D%3D&trackingId=hpC5UD8lOlIFTZoyo8gpng%3D%3D,LinkedIn
Data Analyst,Investigo Government Solutions (IGS),"South West Ethiopia Peoples, Ethiopia",2026-01-06,https://et.linkedin.com/jobs/view/data-analyst-at-investigo-government-solutions-igs-4330514985?position=2&pageNum=0&refId=2iRKrajV66jYoHmKUQurMg%3D%3D&trackingId=u6SRZgfKMVkUn93VssMe4w%3D%3D,LinkedIn
Senior Web Data Analyst,GrowExx,"Debre Work, Amhara Region, Ethiopia",2025-09-29,https://et.linkedin.com/jobs/view/senior-web-data-analyst-at-growexx-4305373585?position=1&pageNum=0&refId=V1PNTby0rckAevFonoQvog%3D%3D&trackingId=mAbcmFBIciHj59CJhedcrw%3D%3D,LinkedIn
Data Analyst,Investigo Government Solutions (IGS),"South West Ethiopia Peoples, Ethiopia",2026-01-06,https://et.linkedin.com/jobs/view/data-analyst-at-investigo-government-solutions-igs-4330514985?position=2&pageNum=0&refId=V1PNTby0rckAevFonoQvog%3D%3D&trackingId=PbYNzAOpSmaYpobkBpZUiw%3D%3D,LinkedIn
Business Analyst,TOPPAN Security,"Addis Ababa, Addis Ababa, Ethiopia",2025-12-30,https://et.linkedin.com/jobs/view/business-analyst-at-toppan-security-4350654743?position=1&pageNum=0&refId=KguiupDkveC6C%2BJINaTISA%3D%3D&trackingId=JfbQSDMX6IzJabzs9X2Kfg%3D%3D,LinkedIn
"Data and Insights Manager, THE ROYAL CENTRAL SCHOOL OF SPEECH AND DRAMA",Guardian Jobs,"Debre Work, Amhara Region, Ethiopia",2025-12-16,https://et.linkedin.com/jobs/view/data-and-insights-manager-the-royal-central-school-of-speech-and-drama-at-guardian-jobs-4343813428?position=1&pageNum=0&refId=ZZE7kOXvTZJFVi82rVKn0A%3D%3D&trackingId=yWUF7Q%2BmuVhSn5D6X6m8Dg%3D%3D,LinkedIn
Business Analyst,TOPPAN Security,"Addis Ababa, Addis Ababa, Ethiopia",2025-12-30,https://et.linkedin.com/jobs/view/business-analyst-at-toppan-security-4350654743?position=1&pageNum=0&refId=sTWTjUSVdDsJ%2Fvw1x%2F7Rjw%3D%3D&trackingId=uJohAwDP08AG7YGJtucBYQ%3D%3D,LinkedIn
Data Analyst,RAPP,"Vacoas, Plaines Wilhems District, Mauritius",2026-01-02,https://mu.linkedin.com/jobs/view/data-analyst-at-rapp-4280154382?position=1&pageNum=0&refId=Y5ieGHYLKAFFi92Q3h6ssQ%3D%3D&trackingId=w3SLQXW2nXq4Aeix0yGzwg%3D%3D,LinkedIn
Junior Data Analyst,Sightness,"Vacoas, Plaines Wilhems District, Mauritius",2026-01-07,https://mu.linkedin.com/jobs/view/junior-data-analyst-at-sightness-4351642291?position=2&pageNum=0&refId=Y5ieGHYLKAFFi92Q3h6ssQ%3D%3D&trackingId=AGcXnBJJuQujnR9nRRUz6Q%3D%3D,LinkedIn
"Analyst I, Insights and Analytics",Checkout.com,"Moka, Mauritius",2026-01-02,https://mu.linkedin.com/jobs/view/analyst-i-insights-and-analytics-at-checkout-com-4332761464?position=3&pageNum=0&refId=Y5ieGHYLKAFFi92Q3h6ssQ%3D%3D&trackingId=gCE0h4sVgchXQzbXsjmEhA%3D%3D,LinkedIn
**** *******,******** **********,*********,2025-11-15,https://mu.linkedin.com/jobs/view/data-analyst-at-odixcity-consulting-4336235154?position=4&pageNum=0&refId=Y5ieGHYLKAFFi92Q3h6ssQ%3D%3D&trackingId=YmYQ8KXDndHW6P9G%2BdEkoQ%3D%3D,LinkedIn
********* **** *******,*********,"******, ******* ******* ********, *********",2026-01-07,https://mu.linkedin.com/jobs/view/confirmed-data-analyst-at-sightness-4351752358?position=5&pageNum=0&refId=Y5ieGHYLKAFFi92Q3h6ssQ%3D%3D&trackingId=kOzvcYTC%2B1Lbi4HIq1gZDg%3D%3D,LinkedIn
******** **** *******,**-**,"**** *****, *********",2026-01-05,https://mu.linkedin.com/jobs/view/business-data-analyst-at-iq-eq-4354523480?position=6&pageNum=0&refId=Y5ieGHYLKAFFi92Q3h6ssQ%3D%3D&trackingId=ae0ipT%2F9NmBrJFC3MqGUcQ%3D%3D,LinkedIn
******* - **** *******,******* ********,"******* ******* ********, *********",2025-12-26,https://mu.linkedin.com/jobs/view/analyst-data-privacy-at-allianz-services-4346208694?position=7&pageNum=0&refId=Y5ieGHYLKAFFi92Q3h6ssQ%3D%3D&trackingId=H35yTfppDORG07zyO7M0jg%3D%3D,LinkedIn
Data Engineer - Python,Accenture,"Ébène, Moka, Mauritius",2025-12-19,https://mu.linkedin.com/jobs/view/data-engineer-python-at-accenture-4328029665?position=1&pageNum=0&refId=1Xdb3HL4u8%2BEEI%2FDDi7pnQ%3D%3D&trackingId=jngAJr4rJy0JajQx0bWrEw%3D%3D,LinkedIn
Data Engineer,RAPP,Mauritius,2025-12-26,https://mu.linkedin.com/jobs/view/data-engineer-at-rapp-3875355709?position=2&pageNum=0&refId=1Xdb3HL4u8%2BEEI%2FDDi7pnQ%3D%3D&trackingId=u%2Bwfk%2FXCk%2Fddpxn2rL03Lw%3D%3D,LinkedIn
Data Engineer,BIA GROUP,"Plaines Wilhems District, Mauritius",2025-12-16,https://mu.linkedin.com/jobs/view/data-engineer-at-bia-group-4281229351?position=3&pageNum=0&refId=1Xdb3HL4u8%2BEEI%2FDDi7pnQ%3D%3D&trackingId=piMFxOUu8GC9sRES5sSPRQ%3D%3D,LinkedIn
****** **** *******,*********,"******, ******* ******* ********, *********",2026-01-07,https://mu.linkedin.com/jobs/view/junior-data-analyst-at-sightness-4351642291?position=4&pageNum=0&refId=1Xdb3HL4u8%2BEEI%2FDDi7pnQ%3D%3D&trackingId=kIsbinXptSkyPPPRHS%2FfoA%3D%3D,LinkedIn
****** ********,********,"**** ** ****, ***** *****, *********",2025-12-30,https://mu.linkedin.com/jobs/view/system-engineer-at-motravay-4350715070?position=5&pageNum=0&refId=1Xdb3HL4u8%2BEEI%2FDDi7pnQ%3D%3D&trackingId=B4%2BY0QKRZJonjYjCd3isXA%3D%3D,LinkedIn
****** ********,*********,"***** *****, *************, *********",2025-11-26,https://mu.linkedin.com/jobs/view/system-engineer-at-serviqual-4324880912?position=6&pageNum=0&refId=1Xdb3HL4u8%2BEEI%2FDDi7pnQ%3D%3D&trackingId=TcGLJH4G0ctv6t8YPohDYg%3D%3D,LinkedIn
**** ********,*****,"****** ******, ******* ******* ********, *********",2025-10-16,https://mu.linkedin.com/jobs/view/data-engineer-at-fulll-4315094954?position=7&pageNum=0&refId=1Xdb3HL4u8%2BEEI%2FDDi7pnQ%3D%3D&trackingId=2IJt1lSi50TbSaHKvW1xhg%3D%3D,LinkedIn
Data Engineer - Python,Accenture,"Ébène, Moka, Mauritius",2025-12-19,https://mu.linkedin.com/jobs/view/data-engineer-python-at-accenture-4328029665?position=1&pageNum=0&refId=YGoCpTpc%2BU7YirSe6Ru0uQ%3D%3D&trackingId=YOByZ19nmexWWOPfeXhZ5A%3D%3D,LinkedIn
Junior Data Analyst,Sightness,"Vacoas, Plaines Wilhems District, Mauritius",2026-01-07,https://mu.linkedin.com/jobs/view/junior-data-analyst-at-sightness-4351642291?position=2&pageNum=0&refId=YGoCpTpc%2BU7YirSe6Ru0uQ%3D%3D&trackingId=zznenfxicf%2FLjJfh4z4mCA%3D%3D,LinkedIn
Data Engineer,RAPP,Mauritius,2025-12-26,https://mu.linkedin.com/jobs/view/data-engineer-at-rapp-3875355709?position=3&pageNum=0&refId=YGoCpTpc%2BU7YirSe6Ru0uQ%3D%3D&trackingId=vTVD6rniqIU6rMNsJ0Mp7Q%3D%3D,LinkedIn
**** ********,*** *****,"******* ******* ********, *********",2025-12-16,https://mu.linkedin.com/jobs/view/data-engineer-at-bia-group-4281229351?position=4&pageNum=0&refId=YGoCpTpc%2BU7YirSe6Ru0uQ%3D%3D&trackingId=Q21svVJFdB9aArgTDiB%2Buw%3D%3D,LinkedIn
**** *******,******** **********,*********,2025-11-15,https://mu.linkedin.com/jobs/view/data-analyst-at-odixcity-consulting-4336235154?position=5&pageNum=0&refId=YGoCpTpc%2BU7YirSe6Ru0uQ%3D%3D&trackingId=VPI9jv8AUSpAie53kBxJcQ%3D%3D,LinkedIn
********* **** *******,*********,"******, ******* ******* ********, *********",2026-01-07,https://mu.linkedin.com/jobs/view/confirmed-data-analyst-at-sightness-4351752358?position=6&pageNum=0&refId=YGoCpTpc%2BU7YirSe6Ru0uQ%3D%3D&trackingId=Nop3k%2FerBxPf4758n6e8HQ%3D%3D,LinkedIn
**** *******,****,"******, ******* ******* ********, *********",2026-01-02,https://mu.linkedin.com/jobs/view/data-analyst-at-rapp-4280154382?position=7&pageNum=0&refId=YGoCpTpc%2BU7YirSe6Ru0uQ%3D%3D&trackingId=ENTDAlZ2EGWQnssUPNtTKg%3D%3D,LinkedIn
Team Leader - Data Entry,Adamas Mauritius,Mauritius,2026-01-07,https://mu.linkedin.com/jobs/view/team-leader-data-entry-at-adamas-mauritius-4351632086?position=1&pageNum=0&refId=3e%2F3GH%2B0dhvW3vvcEO5vSQ%3D%3D&trackingId=a2n8E4FxJvyTlEjvyfO%2BMw%3D%3D,LinkedIn
Tech & Data Manager,Publicis Global Delivery (PGD),"Quatre Bornes, Plaines Wilhems District, Mauritius",2025-12-09,https://mu.linkedin.com/jobs/view/tech-data-manager-at-publicis-global-delivery-pgd-4342767412?position=2&pageNum=0&refId=3e%2F3GH%2B0dhvW3vvcEO5vSQ%3D%3D&trackingId=7nswngs7u2TqHtnZx5ohZQ%3D%3D,LinkedIn
Business Data Analyst,IQ-EQ,"Port Louis, Mauritius",2026-01-05,https://mu.linkedin.com/jobs/view/business-data-analyst-at-iq-eq-4354523480?position=3&pageNum=0&refId=3e%2F3GH%2B0dhvW3vvcEO5vSQ%3D%3D&trackingId=Z1pv6So8HQwRU%2BPC5TyI%2FQ%3D%3D,LinkedIn
*******,**** ***** ***,"É*è**, ****, *********",2025-12-22,https://mu.linkedin.com/jobs/view/manager-at-apex-group-ltd-4282888765?position=4&pageNum=0&refId=3e%2F3GH%2B0dhvW3vvcEO5vSQ%3D%3D&trackingId=Kq9W1rqwM1s1vc%2BhhAhwnA%3D%3D,LinkedIn
****** ********** *******,*******,"****, *********",2025-12-22,https://mu.linkedin.com/jobs/view/client-onboarding-officer-at-ocorian-4345618425?position=5&pageNum=0&refId=3e%2F3GH%2B0dhvW3vvcEO5vSQ%3D%3D&trackingId=TMven9BPq%2BLk750Uel5GeA%3D%3D,LinkedIn
****** ********** *********,**** ***********,"É*è**, ****, *********",2025-12-18,https://mu.linkedin.com/jobs/view/player-protection-executive-at-rank-interactive-4344606214?position=6&pageNum=0&refId=3e%2F3GH%2B0dhvW3vvcEO5vSQ%3D%3D&trackingId=%2BhuTyxbcdL278P%2B%2BMEt6VQ%3D%3D,LinkedIn
********* ********* *******,** ***********,"*** *****, *******, *********",2025-12-19,https://mu.linkedin.com/jobs/view/financial-reporting-officer-at-er-hospitality-4344876284?position=7&pageNum=0&refId=3e%2F3GH%2B0dhvW3vvcEO5vSQ%3D%3D&trackingId=tND%2B2ZiRHLF0vKKwhz03qw%3D%3D,LinkedIn
Compliance Officer,Providence,"Port Louis, Mauritius",2026-01-07,https://mu.linkedin.com/jobs/view/compliance-officer-at-providence-4358267940?position=1&pageNum=0&refId=%2FdpD1X%2BKTVwZAEp3njsaDg%3D%3D&trackingId=KZR41ARkfyBLO8ACZ99ldw%3D%3D,LinkedIn
Monitoring and Reporting Fiduciary Manager,Standard Bank Group,"Ébène, Moka, Mauritius",2026-01-02,https://mu.linkedin.com/jobs/view/monitoring-and-reporting-fiduciary-manager-at-standard-bank-group-4329946222?position=2&pageNum=0&refId=%2FdpD1X%2BKTVwZAEp3njsaDg%3D%3D&trackingId=1uApARJkBTHZRGQr%2FsJ7ZA%3D%3D,LinkedIn
Sales Manager,ServiQual,"Riche Terre, Pamplemousses, Mauritius",2025-11-26,https://mu.linkedin.com/jobs/view/sales-manager-at-serviqual-4324661245?position=3&pageNum=0&refId=%2FdpD1X%2BKTVwZAEp3njsaDg%3D%3D&trackingId=ER9l0D57WFThrutCPOAZdA%3D%3D,LinkedIn
Business Data Analyst,IQ-EQ,"Port Louis, Mauritius",2026-01-05,https://mu.linkedin.com/jobs/view/business-data-analyst-at-iq-eq-4354523480?position=1&pageNum=0&refId=xh2b7pcKPjRjrZXbsRW5kQ%3D%3D&trackingId=J%2FpS8Yczy%2FbXiBeT74XL2Q%3D%3D,LinkedIn
Consultant Microsoft BI (Talan Mauritius),Talan,"Moka, Moka, Mauritius",2025-12-27,https://mu.linkedin.com/jobs/view/consultant-microsoft-bi-talan-mauritius-at-talan-4322671910?position=2&pageNum=0&refId=xh2b7pcKPjRjrZXbsRW5kQ%3D%3D&trackingId=IQZ%2F5a5b9YmHc6rpbqZkKg%3D%3D,LinkedIn
Junior Data Analyst,Sightness,"Vacoas, Plaines Wilhems District, Mauritius",2026-01-07,https://mu.linkedin.com/jobs/view/junior-data-analyst-at-sightness-4351642291?position=3&pageNum=0&refId=xh2b7pcKPjRjrZXbsRW5kQ%3D%3D&trackingId=dplHB4Oor%2FLPMMqt0tFt4Q%3D%3D,LinkedIn
**** *******,******** **********,*********,2025-11-15,https://mu.linkedin.com/jobs/view/data-analyst-at-odixcity-consulting-4336235154?position=4&pageNum=0&refId=xh2b7pcKPjRjrZXbsRW5kQ%3D%3D&trackingId=z5oF9GZanpPfj56WKuqzeA%3D%3D,LinkedIn
********* **** *******,*********,"******, ******* ******* ********, *********",2026-01-07,https://mu.linkedin.com/jobs/view/confirmed-data-analyst-at-sightness-4351752358?position=5&pageNum=0&refId=xh2b7pcKPjRjrZXbsRW5kQ%3D%3D&trackingId=%2BQTZidwu6x8n2iMeTTD2Dw%3D%3D,LinkedIn
**** *******,****,"******, ******* ******* ********, *********",2026-01-02,https://mu.linkedin.com/jobs/view/data-analyst-at-rapp-4280154382?position=6&pageNum=0&refId=xh2b7pcKPjRjrZXbsRW5kQ%3D%3D&trackingId=PTUBHW9t1TpMTq5RzVKT0Q%3D%3D,LinkedIn
******* - **** *******,******* ********,"******* ******* ********, *********",2025-12-26,https://mu.linkedin.com/jobs/view/analyst-data-privacy-at-allianz-services-4346208694?position=7&pageNum=0&refId=xh2b7pcKPjRjrZXbsRW5kQ%3D%3D&trackingId=SF5kzghjPB%2BLFin90lTcSw%3D%3D,LinkedIn
Senior Data & Power BI Developer,Accenture,"Ébène, Moka, Mauritius",2025-12-19,https://mu.linkedin.com/jobs/view/senior-data-power-bi-developer-at-accenture-4327959852?position=1&pageNum=0&refId=1HKNqwpsK6XVCDtVkWKjFQ%3D%3D&trackingId=XJa6jEXNrA%2BHHUbiaffCkw%3D%3D,LinkedIn
Business Data Analyst,IQ-EQ,"Port Louis, Mauritius",2026-01-05,https://mu.linkedin.com/jobs/view/business-data-analyst-at-iq-eq-4354523480?position=2&pageNum=0&refId=1HKNqwpsK6XVCDtVkWKjFQ%3D%3D&trackingId=CTVHzdl81yX%2FNNTZwOJAdA%3D%3D,LinkedIn
Junior Data Analyst,Sightness,"Vacoas, Plaines Wilhems District, Mauritius",2026-01-07,https://mu.linkedin.com/jobs/view/junior-data-analyst-at-sightness-4351642291?position=3&pageNum=0&refId=1HKNqwpsK6XVCDtVkWKjFQ%3D%3D&trackingId=MMvKwUEWSxMKLykAZQlvKA%3D%3D,LinkedIn
********* **** *******,*********,"******, ******* ******* ********, *********",2026-01-07,https://mu.linkedin.com/jobs/view/confirmed-data-analyst-at-sightness-4351752358?position=4&pageNum=0&refId=1HKNqwpsK6XVCDtVkWKjFQ%3D%3D&trackingId=MeN1cSQFULI9roUSC3Q3Jg%3D%3D,LinkedIn
**** *******,******** **********,*********,2025-11-15,https://mu.linkedin.com/jobs/view/data-analyst-at-odixcity-consulting-4336235154?position=5&pageNum=0&refId=1HKNqwpsK6XVCDtVkWKjFQ%3D%3D&trackingId=M8UfCyzhd09zntbMMvO7uw%3D%3D,LinkedIn
*** ********* (********* / ***** **** *******),** **** *********,"******* ******* ********, *********",2025-12-10,https://mu.linkedin.com/jobs/view/etl-developer-snowflake-azure-data-factory-at-sd-worx-mauritius-4340494156?position=6&pageNum=0&refId=1HKNqwpsK6XVCDtVkWKjFQ%3D%3D&trackingId=U7GaYPSjM6he8Z%2FMn31n%2Bw%3D%3D,LinkedIn
**** *******,****,"******, ******* ******* ********, *********",2026-01-02,https://mu.linkedin.com/jobs/view/data-analyst-at-rapp-4280154382?position=7&pageNum=0&refId=1HKNqwpsK6XVCDtVkWKjFQ%3D%3D&trackingId=dD0%2BHu%2Bcr6gEihcglUcdPg%3D%3D,LinkedIn
Business Analyst,Cim Finance,"Port Louis, Mauritius",2026-01-06,https://mu.linkedin.com/jobs/view/business-analyst-at-cim-finance-4354654811?position=1&pageNum=0&refId=wWpy9voK3uba8Hc%2Bt4kBPQ%3D%3D&trackingId=dQb2p%2Bg2NA3yHmM0PPF8Gg%3D%3D,LinkedIn
Business Data Analyst,IQ-EQ,"Port Louis, Mauritius",2026-01-05,https://mu.linkedin.com/jobs/view/business-data-analyst-at-iq-eq-4354523480?position=2&pageNum=0&refId=wWpy9voK3uba8Hc%2Bt4kBPQ%3D%3D&trackingId=ila%2FWVszrlm9rM3vBNM0zA%3D%3D,LinkedIn
"Senior Analyst, Business Process Specialist",Checkout.com,"Moka, Mauritius",2026-01-05,https://mu.linkedin.com/jobs/view/senior-analyst-business-process-specialist-at-checkout-com-4354327665?position=3&pageNum=0&refId=wWpy9voK3uba8Hc%2Bt4kBPQ%3D%3D&trackingId=BMXkDN1ZtWotUGk6LKn9HA%3D%3D,LinkedIn
******** *******,*********,"É*è**, ****, *********",2025-12-19,https://mu.linkedin.com/jobs/view/business-analyst-at-accenture-4327959826?position=4&pageNum=0&refId=wWpy9voK3uba8Hc%2Bt4kBPQ%3D%3D&trackingId=soO8jN5vjL3E%2BtSpp45jcQ%3D%3D,LinkedIn
** ******** *******,*********,"É*è**, ****, *********",2025-12-19,https://mu.linkedin.com/jobs/view/it-business-analyst-at-accenture-4328151013?position=5&pageNum=0&refId=wWpy9voK3uba8Hc%2Bt4kBPQ%3D%3D&trackingId=TWwDPRiVHU9B5hvkv4KgyQ%3D%3D,LinkedIn
"******* *, ****** ************* *** *********",********.***,"****, *********",2025-12-23,https://mu.linkedin.com/jobs/view/analyst-i-scheme-registrations-and-reporting-at-checkout-com-4345868926?position=6&pageNum=0&refId=wWpy9voK3uba8Hc%2Bt4kBPQ%3D%3D&trackingId=d1NEX3dNvjYDBFno7fEAbw%3D%3D,LinkedIn
Tech & Data Manager,Publicis Global Delivery (PGD),"Quatre Bornes, Plaines Wilhems District, Mauritius",2025-12-09,https://mu.linkedin.com/jobs/view/tech-data-manager-at-publicis-global-delivery-pgd-4342767412?position=1&pageNum=0&refId=%2FHpSBSnCRBuYbdB5p9fs9Q%3D%3D&trackingId=JDiz90lfbuT%2BWBh4ULgkWA%3D%3D,LinkedIn
Consultant Microsoft BI (Talan Mauritius),Talan,"Moka, Moka, Mauritius",2025-12-27,https://mu.linkedin.com/jobs/view/consultant-microsoft-bi-talan-mauritius-at-talan-4322671910?position=1&pageNum=0&refId=fSo3ejOYa1%2BkeiWBhwA8lA%3D%3D&trackingId=FYZkyDK1PDXk5ScvG5L32A%3D%3D,LinkedIn
Senior Data & Power BI Developer,Accenture,"Ébène, Moka, Mauritius",2025-12-19,https://mu.linkedin.com/jobs/view/senior-data-power-bi-developer-at-accenture-4327959852?position=1&pageNum=0&refId=gqS6gfSpSslgRocnTQLptQ%3D%3D&trackingId=wwbnH5To%2BzbA58XZCz2OTw%3D%3D,LinkedIn
Business Analyst,Cim Finance,"Port Louis, Mauritius",2026-01-06,https://mu.linkedin.com/jobs/view/business-analyst-at-cim-finance-4354654811?position=1&pageNum=0&refId=hlKSjsmq3hT3jGSOZk68og%3D%3D&trackingId=DJiGuOP6YfHNfkoZY%2FO93w%3D%3D,LinkedIn
Business Analyst,Accenture,"Ébène, Moka, Mauritius",2025-12-19,https://mu.linkedin.com/jobs/view/business-analyst-at-accenture-4327959826?position=2&pageNum=0&refId=hlKSjsmq3hT3jGSOZk68og%3D%3D&trackingId=YrKQym%2BHDQ%2F7AwXNJeB%2B8w%3D%3D,LinkedIn
Business Data Analyst,IQ-EQ,"Port Louis, Mauritius",2026-01-05,https://mu.linkedin.com/jobs/view/business-data-analyst-at-iq-eq-4354523480?position=3&pageNum=0&refId=hlKSjsmq3hT3jGSOZk68og%3D%3D&trackingId=NKR08sc%2FaM8vM1RA%2FTb8ZQ%3D%3D,LinkedIn
Data Analyst,Odixcity Consulting,Seychelles,2025-11-15,https://sc.linkedin.com/jobs/view/data-analyst-at-odixcity-consulting-4336145353?position=1&pageNum=0&refId=wI%2BB1ceKRl78j0ZxCQMBjQ%3D%3D&trackingId=lgEB3SRte%2BWZ4WHoN7M0PA%3D%3D,LinkedIn
Data Scientist,Odixcity Consulting,Seychelles,2025-11-15,https://sc.linkedin.com/jobs/view/data-scientist-at-odixcity-consulting-4336145358?position=2&pageNum=0&refId=wI%2BB1ceKRl78j0ZxCQMBjQ%3D%3D&trackingId=Nl28VnmKqBY5vWdiRvXFwA%3D%3D,LinkedIn
Zoho Developer,Odixcity Consulting,Seychelles,2025-12-22,https://sc.linkedin.com/jobs/view/zoho-developer-at-odixcity-consulting-4345822813?position=3&pageNum=0&refId=wI%2BB1ceKRl78j0ZxCQMBjQ%3D%3D&trackingId=k%2BGWyShzFl9Ja7vMheks4w%3D%3D,LinkedIn
******* **********,*** **********,"********, **********",2025-12-16,https://sc.linkedin.com/jobs/view/analyst-programmer-at-fsa-seychelles-4344154338?position=4&pageNum=0&refId=wI%2BB1ceKRl78j0ZxCQMBjQ%3D%3D&trackingId=u3IsxTLQUT6YO%2FiTiKM6ng%3D%3D,LinkedIn
***/*** ******* - ******* ****** (********),*******,"********, **********",2025-12-31,https://sc.linkedin.com/jobs/view/kyb-kyc-analyst-digital-assets-victoria-at-keyrock-4322859321?position=5&pageNum=0&refId=wI%2BB1ceKRl78j0ZxCQMBjQ%3D%3D&trackingId=DeJXbhIlL8B8dhVeNCiwDQ%3D%3D,LinkedIn
****** *********,******** **********,**********,2025-11-14,https://sc.linkedin.com/jobs/view/python-developer-at-odixcity-consulting-4335906995?position=6&pageNum=0&refId=wI%2BB1ceKRl78j0ZxCQMBjQ%3D%3D&trackingId=9fV2hBPjkEhN8Et%2FG2oHtA%3D%3D,LinkedIn
***** ********,******** **********,**********,2025-11-15,https://sc.linkedin.com/jobs/view/cloud-engineer-at-odixcity-consulting-4336255083?position=7&pageNum=0&refId=wI%2BB1ceKRl78j0ZxCQMBjQ%3D%3D&trackingId=UHLQIjx0VrewkMYv0LS2hA%3D%3D,LinkedIn
Data Analyst,Odixcity Consulting,Seychelles,2025-11-15,https://sc.linkedin.com/jobs/view/data-analyst-at-odixcity-consulting-4336145353?position=1&pageNum=0&refId=Ds1jUrfsGZ%2FwepTfHq4Dpw%3D%3D&trackingId=tDmmtaED6ki6eSNrN4gbeQ%3D%3D,LinkedIn
Rust Engineer - Platform Trading,Keyrock,"Victoria, Seychelles",2026-01-06,https://sc.linkedin.com/jobs/view/rust-engineer-platform-trading-at-keyrock-4327776607?position=2&pageNum=0&refId=Ds1jUrfsGZ%2FwepTfHq4Dpw%3D%3D&trackingId=Fkdb6AMnIbG1GK0BHRdsxg%3D%3D,LinkedIn
Data Scientist,Odixcity Consulting,Seychelles,2025-11-15,https://sc.linkedin.com/jobs/view/data-scientist-at-odixcity-consulting-4336145358?position=3&pageNum=0&refId=Ds1jUrfsGZ%2FwepTfHq4Dpw%3D%3D&trackingId=SYexeWmu0fn7tNyRGOoKVg%3D%3D,LinkedIn
Data Analyst,Odixcity Consulting,Seychelles,2025-11-15,https://sc.linkedin.com/jobs/view/data-analyst-at-odixcity-consulting-4336145353?position=1&pageNum=0&refId=lk1PDFzBElq6Br66mQkO0g%3D%3D&trackingId=iZSRgzUIW6u%2BC9dl6aOsaA%3D%3D,LinkedIn
Data Scientist,Odixcity Consulting,Seychelles,2025-11-15,https://sc.linkedin.com/jobs/view/data-scientist-at-odixcity-consulting-4336145358?position=2&pageNum=0&refId=lk1PDFzBElq6Br66mQkO0g%3D%3D&trackingId=E14PHBJCKXPx1mzyHhEDzg%3D%3D,LinkedIn
Assistant Reservation Manager,Raffles Hotels & Resorts,"Baie Sainte Anne, Baie Sainte Anne, Seychelles",2025-12-24,https://sc.linkedin.com/jobs/view/assistant-reservation-manager-at-raffles-hotels-resorts-4325522345?position=1&pageNum=0&refId=h%2FGaF536IG1toohZkl3D9A%3D%3D&trackingId=zJQfjOnfoGqBAxYECgsCHA%3D%3D,LinkedIn
Director of Finance & Business Support,Raffles Hotels & Resorts,"Baie Sainte Anne, Baie Sainte Anne, Seychelles",2025-12-21,https://sc.linkedin.com/jobs/view/director-of-finance-business-support-at-raffles-hotels-resorts-4295333533?position=2&pageNum=0&refId=h%2FGaF536IG1toohZkl3D9A%3D%3D&trackingId=zi%2BvPiyDdpmuEkZgduJq4g%3D%3D,LinkedIn
Data Analyst,Odixcity Consulting,Seychelles,2025-11-15,https://sc.linkedin.com/jobs/view/data-analyst-at-odixcity-consulting-4336145353?position=3&pageNum=0&refId=h%2FGaF536IG1toohZkl3D9A%3D%3D&trackingId=0MsvvuueKgOjWXcVlo725Q%3D%3D,LinkedIn
**** *******,*** **********,"********, **********",2025-12-16,https://sc.linkedin.com/jobs/view/vass-analyst-at-fsa-seychelles-4343854262?position=4&pageNum=0&refId=h%2FGaF536IG1toohZkl3D9A%3D%3D&trackingId=usfW%2FfyEWogpgluWgPo2Uw%3D%3D,LinkedIn
**** *********,******** **********,**********,2025-11-15,https://sc.linkedin.com/jobs/view/data-scientist-at-odixcity-consulting-4336145358?position=5&pageNum=0&refId=h%2FGaF536IG1toohZkl3D9A%3D%3D&trackingId=pxT%2FDmNr7JuHemz8wY8wpw%3D%3D,LinkedIn
Data Analyst,Odixcity Consulting,Seychelles,2025-11-15,https://sc.linkedin.com/jobs/view/data-analyst-at-odixcity-consulting-4336145353?position=1&pageNum=0&refId=gZW6EttbBT2pZ1bWJNqMFQ%3D%3D&trackingId=F1G03EcaukydeugG0a1xUw%3D%3D,LinkedIn
Data Analyst,Odixcity Consulting,Seychelles,2025-11-15,https://sc.linkedin.com/jobs/view/data-analyst-at-odixcity-consulting-4336145353?position=1&pageNum=0&refId=dxQ14K14M9fJJE9YbsVKQg%3D%3D&trackingId=FEodTEQoEi07tXTSvfPQxA%3D%3D,LinkedIn
Data Analyst,Odixcity Consulting,Burundi,2025-11-15,https://bi.linkedin.com/jobs/view/data-analyst-at-odixcity-consulting-4336105512?position=1&pageNum=0&refId=muGVRmNmSA5I3h5YRUf53Q%3D%3D&trackingId=qWn5Ozu8EtpsKde0Ma%2F1lw%3D%3D,LinkedIn
Data Scientist,Odixcity Consulting,Burundi,2025-11-15,https://bi.linkedin.com/jobs/view/data-scientist-at-odixcity-consulting-4336294958?position=2&pageNum=0&refId=muGVRmNmSA5I3h5YRUf53Q%3D%3D&trackingId=cumb%2BDBekfC1JxCBEMzr7w%3D%3D,LinkedIn
Zoho Developer,Odixcity Consulting,Burundi,2025-12-22,https://bi.linkedin.com/jobs/view/zoho-developer-at-odixcity-consulting-4345832262?position=3&pageNum=0&refId=muGVRmNmSA5I3h5YRUf53Q%3D%3D&trackingId=lGjYACdenoRJmSlTOyJovQ%3D%3D,LinkedIn
****** *********,******** **********,*******,2025-11-14,https://bi.linkedin.com/jobs/view/python-developer-at-odixcity-consulting-4335936872?position=4&pageNum=0&refId=muGVRmNmSA5I3h5YRUf53Q%3D%3D&trackingId=6%2BnpVL6OeJGMk7SjXeKsnQ%3D%3D,LinkedIn
***** ********,******** **********,*******,2025-11-15,https://bi.linkedin.com/jobs/view/cloud-engineer-at-odixcity-consulting-4336294961?position=5&pageNum=0&refId=muGVRmNmSA5I3h5YRUf53Q%3D%3D&trackingId=ux9Q%2BGumJItE%2F1AqzR4kJQ%3D%3D,LinkedIn
******* ******** ******,******** **********,*******,2025-11-14,https://bi.linkedin.com/jobs/view/machine-learning-expert-at-odixcity-consulting-4335907006?position=6&pageNum=0&refId=muGVRmNmSA5I3h5YRUf53Q%3D%3D&trackingId=8NG%2BET9WCwPi%2B6MXroriyw%3D%3D,LinkedIn
*** ********,******** **********,*******,2025-11-14,https://bi.linkedin.com/jobs/view/nlp-engineer-at-odixcity-consulting-4336066439?position=7&pageNum=0&refId=muGVRmNmSA5I3h5YRUf53Q%3D%3D&trackingId=U7ZOSiul4xwLloHBoYxSiQ%3D%3D,LinkedIn
Data Analyst,Odixcity Consulting,Burundi,2025-11-15,https://bi.linkedin.com/jobs/view/data-analyst-at-odixcity-consulting-4336105512?position=1&pageNum=0&refId=rMFdF26WUuH5EAE96mecNg%3D%3D&trackingId=2gOUdUJo%2B54%2FAShZ23pSHA%3D%3D,LinkedIn
Data Scientist,Odixcity Consulting,Burundi,2025-11-15,https://bi.linkedin.com/jobs/view/data-scientist-at-odixcity-consulting-4336294958?position=2&pageNum=0&refId=rMFdF26WUuH5EAE96mecNg%3D%3D&trackingId=hm4kDCR3p8X54Np24d9s0A%3D%3D,LinkedIn
Data Analyst,Odixcity Consulting,Burundi,2025-11-15,https://bi.linkedin.com/jobs/view/data-analyst-at-odixcity-consulting-4336105512?position=1&pageNum=0&refId=LaAX%2F55XB26VQkn0rBzUOg%3D%3D&trackingId=P8bILms0mfa0QGvEdkOp2Q%3D%3D,LinkedIn
Data Scientist,Odixcity Consulting,Burundi,2025-11-15,https://bi.linkedin.com/jobs/view/data-scientist-at-odixcity-consulting-4336294958?position=2&pageNum=0&refId=LaAX%2F55XB26VQkn0rBzUOg%3D%3D&trackingId=GUpzNpA9jVn1sc1FwfcI8Q%3D%3D,LinkedIn
Data Analyst,Odixcity Consulting,Burundi,2025-11-15,https://bi.linkedin.com/jobs/view/data-analyst-at-odixcity-consulting-4336105512?position=1&pageNum=0&refId=6dn0Mbmpzt%2FU0cIkHnAraA%3D%3D&trackingId=nhZAncb%2F%2B%2BwfN3tlCVT%2BFw%3D%3D,LinkedIn
Data Scientist,Odixcity Consulting,Burundi,2025-11-15,https://bi.linkedin.com/jobs/view/data-scientist-at-odixcity-consulting-4336294958?position=2&pageNum=0&refId=6dn0Mbmpzt%2FU0cIkHnAraA%3D%3D&trackingId=VVQC7Arogx75lMLZBwmpgA%3D%3D,LinkedIn
Data Analyst,Odixcity Consulting,Burundi,2025-11-15,https://bi.linkedin.com/jobs/view/data-analyst-at-odixcity-consulting-4336105512?position=1&pageNum=0&refId=FXBukb3%2BqbgT2K3NJqpRKg%3D%3D&trackingId=PcZr6VU5YZUUdyX6IQef1w%3D%3D,LinkedIn
Data Analyst,Odixcity Consulting,Burundi,2025-11-15,https://bi.linkedin.com/jobs/view/data-analyst-at-odixcity-consulting-4336105512?position=1&pageNum=0&refId=yHRtYT%2F3TNSKfXCWoD8rMA%3D%3D&trackingId=a6RMrTfBKMpqRTkths8nKw%3D%3D,LinkedIn
Surveyor,UNOPS,"Juba, Central Equatoria, South Sudan",2025-12-30,https://www.linkedin.com/jobs/view/surveyor-at-unops-4329225436?position=1&pageNum=0&refId=WIWi%2FHXh3gyUaw4GGcotYA%3D%3D&trackingId=1CpW1YEbMiwfUt52dtaBDA%3D%3D,LinkedIn
Data Analyst,Odixcity Consulting,Djibouti,2025-11-15,https://dj.linkedin.com/jobs/view/data-analyst-at-odixcity-consulting-4336105511?position=1&pageNum=0&refId=XprqymaTLSTOmiRL0ZT0WA%3D%3D&trackingId=%2BO48Byrh3eFBcUmD7I9cHg%3D%3D,LinkedIn
Data Scientist,Odixcity Consulting,Djibouti,2025-11-15,https://dj.linkedin.com/jobs/view/data-scientist-at-odixcity-consulting-4336155402?position=2&pageNum=0&refId=XprqymaTLSTOmiRL0ZT0WA%3D%3D&trackingId=NNW7SwvHKYzFP4KR2l9NyA%3D%3D,LinkedIn
Zoho Developer,Odixcity Consulting,Djibouti,2025-12-22,https://dj.linkedin.com/jobs/view/zoho-developer-at-odixcity-consulting-4345763943?position=3&pageNum=0&refId=XprqymaTLSTOmiRL0ZT0WA%3D%3D&trackingId=o2SHj%2FiveRkVXboI%2FAdCMg%3D%3D,LinkedIn
****** *********,******** **********,********,2025-11-14,https://dj.linkedin.com/jobs/view/python-developer-at-odixcity-consulting-4336056589?position=4&pageNum=0&refId=XprqymaTLSTOmiRL0ZT0WA%3D%3D&trackingId=4XDKayq9pawNf7zLiRe4qw%3D%3D,LinkedIn
***** ********,******** **********,********,2025-11-15,https://dj.linkedin.com/jobs/view/cloud-engineer-at-odixcity-consulting-4336095416?position=5&pageNum=0&refId=XprqymaTLSTOmiRL0ZT0WA%3D%3D&trackingId=nl8H9Svv%2FIZ6YGFM4HLM6w%3D%3D,LinkedIn
******* ******** ******,******** **********,********,2025-11-14,https://dj.linkedin.com/jobs/view/machine-learning-expert-at-odixcity-consulting-4336046487?position=6&pageNum=0&refId=XprqymaTLSTOmiRL0ZT0WA%3D%3D&trackingId=pDh01fnfdoGy0umajGpf%2FA%3D%3D,LinkedIn
*** ********,******** **********,********,2025-11-15,https://dj.linkedin.com/jobs/view/nlp-engineer-at-odixcity-consulting-4336215065?position=7&pageNum=0&refId=XprqymaTLSTOmiRL0ZT0WA%3D%3D&trackingId=ohmuYBnHVemNitC41j7yDQ%3D%3D,LinkedIn
Data Analyst,Odixcity Consulting,Djibouti,2025-11-15,https://dj.linkedin.com/jobs/view/data-analyst-at-odixcity-consulting-4336105511?position=1&pageNum=0&refId=GhM3VXZdbiT1unS8CaHp9w%3D%3D&trackingId=KVpgmzcJmdFELAzbQWNJew%3D%3D,LinkedIn
Data Scientist,Odixcity Consulting,Djibouti,2025-11-15,https://dj.linkedin.com/jobs/view/data-scientist-at-odixcity-consulting-4336155402?position=2&pageNum=0&refId=GhM3VXZdbiT1unS8CaHp9w%3D%3D&trackingId=T1MkdkHpiwmBd5M8B2tcdA%3D%3D,LinkedIn
Data Analyst,Odixcity Consulting,Djibouti,2025-11-15,https://dj.linkedin.com/jobs/view/data-analyst-at-odixcity-consulting-4336105511?position=1&pageNum=0&refId=fkleJ1rLdy3Cf%2F6Yb8fg5A%3D%3D&trackingId=cOAriMdWWtuKm6qIqCVhQQ%3D%3D,LinkedIn
Data Scientist,Odixcity Consulting,Djibouti,2025-11-15,https://dj.linkedin.com/jobs/view/data-scientist-at-odixcity-consulting-4336155402?position=2&pageNum=0&refId=fkleJ1rLdy3Cf%2F6Yb8fg5A%3D%3D&trackingId=RuahcZp76CHkIxn9RpSV%2Bg%3D%3D,LinkedIn
DLA: Site Manager (Contingency Hire),"KBR, Inc.","Djibouti, Djibouti, Djibouti",2025-12-29,https://dj.linkedin.com/jobs/view/dla-site-manager-contingency-hire-at-kbr-inc-4318524838?position=1&pageNum=0&refId=XQM8zCCXJUEYcl%2Bn%2F%2FM0XA%3D%3D&trackingId=QtF6yHbKDqvWNBPGAzS4EA%3D%3D,LinkedIn
Data Analyst,Odixcity Consulting,Djibouti,2025-11-15,https://dj.linkedin.com/jobs/view/data-analyst-at-odixcity-consulting-4336105511?position=2&pageNum=0&refId=XQM8zCCXJUEYcl%2Bn%2F%2FM0XA%3D%3D&trackingId=wA45utRy9Qn1O1jx%2BZR1LA%3D%3D,LinkedIn
Data Scientist,Odixcity Consulting,Djibouti,2025-11-15,https://dj.linkedin.com/jobs/view/data-scientist-at-odixcity-consulting-4336155402?position=3&pageNum=0&refId=XQM8zCCXJUEYcl%2Bn%2F%2FM0XA%3D%3D&trackingId=hdfFeMA4FODcaqTMUOh1vQ%3D%3D,LinkedIn
Data Analyst,Odixcity Consulting,Djibouti,2025-11-15,https://dj.linkedin.com/jobs/view/data-analyst-at-odixcity-consulting-4336105511?position=1&pageNum=0&refId=j4QScERrUu6G7iQkLWF6fA%3D%3D&trackingId=iRizEF5GU1fC9spz56OdJQ%3D%3D,LinkedIn
Data Analyst,Odixcity Consulting,Djibouti,2025-11-15,https://dj.linkedin.com/jobs/view/data-analyst-at-odixcity-consulting-4336105511?position=1&pageNum=0&refId=kSl974Grfp6HGHe%2FKDWCmw%3D%3D&trackingId=1JMptZ9PKiue8yksAe8lnA%3D%3D,LinkedIn
Data Analyst,Odixcity Consulting,Eritrea,2025-11-15,https://er.linkedin.com/jobs/view/data-analyst-at-odixcity-consulting-4336105501?position=1&pageNum=0&refId=%2FRdkFR75KLpULfRwkUMfhg%3D%3D&trackingId=WojcU5VIBwUPcEJ9k62fRw%3D%3D,LinkedIn
Data Scientist,Odixcity Consulting,Eritrea,2025-11-15,https://er.linkedin.com/jobs/view/data-scientist-at-odixcity-consulting-4336304791?position=2&pageNum=0&refId=%2FRdkFR75KLpULfRwkUMfhg%3D%3D&trackingId=%2FsZVOx1xfiyiPep6mJxq9g%3D%3D,LinkedIn
Zoho Developer,Odixcity Consulting,Eritrea,2025-12-22,https://er.linkedin.com/jobs/view/zoho-developer-at-odixcity-consulting-4345665301?position=3&pageNum=0&refId=%2FRdkFR75KLpULfRwkUMfhg%3D%3D&trackingId=YQZT8XDqOnz4kyBVObTW0Q%3D%3D,LinkedIn
****** *********,******** **********,*******,2025-11-14,https://er.linkedin.com/jobs/view/python-developer-at-odixcity-consulting-4335867128?position=4&pageNum=0&refId=%2FRdkFR75KLpULfRwkUMfhg%3D%3D&trackingId=lAvfA96la4%2FeK6mf2ur5Wg%3D%3D,LinkedIn
***** ********,******** **********,*******,2025-11-15,https://er.linkedin.com/jobs/view/cloud-engineer-at-odixcity-consulting-4336175389?position=5&pageNum=0&refId=%2FRdkFR75KLpULfRwkUMfhg%3D%3D&trackingId=f8fHVAiZvwF3LXJP00bJEw%3D%3D,LinkedIn
******* ******** ******,******** **********,*******,2025-11-14,https://er.linkedin.com/jobs/view/machine-learning-expert-at-odixcity-consulting-4335996596?position=6&pageNum=0&refId=%2FRdkFR75KLpULfRwkUMfhg%3D%3D&trackingId=jx10Ygb6DYv2pdN1gw0A5Q%3D%3D,LinkedIn
*** ********,******** **********,*******,2025-11-14,https://er.linkedin.com/jobs/view/nlp-engineer-at-odixcity-consulting-4335976832?position=7&pageNum=0&refId=%2FRdkFR75KLpULfRwkUMfhg%3D%3D&trackingId=fm5cw9GnDblQa%2FeDjwtZ3A%3D%3D,LinkedIn
Data Analyst,Odixcity Consulting,Eritrea,2025-11-15,https://er.linkedin.com/jobs/view/data-analyst-at-odixcity-consulting-4336105501?position=1&pageNum=0&refId=GHPOQcXhMOLhhiIH4kUtng%3D%3D&trackingId=fch2UJDSNuH2%2FudssJu07g%3D%3D,LinkedIn
Data Scientist,Odixcity Consulting,Eritrea,2025-11-15,https://er.linkedin.com/jobs/view/data-scientist-at-odixcity-consulting-4336304791?position=2&pageNum=0&refId=GHPOQcXhMOLhhiIH4kUtng%3D%3D&trackingId=YNA1v3GNwjvJ6iKELJyrbw%3D%3D,LinkedIn
Data Analyst,Odixcity Consulting,Eritrea,2025-11-15,https://er.linkedin.com/jobs/view/data-analyst-at-odixcity-consulting-4336105501?position=1&pageNum=0&refId=NpK2Hgc%2BSnTk6%2FjfEhaiqQ%3D%3D&trackingId=vw8sXFT%2BWlekpnLZWdwxnw%3D%3D,LinkedIn
Data Scientist,Odixcity Consulting,Eritrea,2025-11-15,https://er.linkedin.com/jobs/view/data-scientist-at-odixcity-consulting-4336304791?position=2&pageNum=0&refId=NpK2Hgc%2BSnTk6%2FjfEhaiqQ%3D%3D&trackingId=6H7e3ktxH43esfiAZHceOw%3D%3D,LinkedIn
Data Analyst,Odixcity Consulting,Eritrea,2025-11-15,https://er.linkedin.com/jobs/view/data-analyst-at-odixcity-consulting-4336105501?position=1&pageNum=0&refId=LgxM3gr8BVsUpRIHWEB8aQ%3D%3D&trackingId=jUtcFRKrbysBZZuxjtXwyg%3D%3D,LinkedIn
Data Scientist,Odixcity Consulting,Eritrea,2025-11-15,https://er.linkedin.com/jobs/view/data-scientist-at-odixcity-consulting-4336304791?position=2&pageNum=0&refId=LgxM3gr8BVsUpRIHWEB8aQ%3D%3D&trackingId=GGzWPYqyGLFqrHyvYallqA%3D%3D,LinkedIn
Data Analyst,Odixcity Consulting,Eritrea,2025-11-15,https://er.linkedin.com/jobs/view/data-analyst-at-odixcity-consulting-4336105501?position=1&pageNum=0&refId=EksUs8hFo1Kbv2JAqAcU5w%3D%3D&trackingId=W8jaqAKwfVxsJl5gDnePfQ%3D%3D,LinkedIn
Data Analyst,Odixcity Consulting,Eritrea,2025-11-15,https://er.linkedin.com/jobs/view/data-analyst-at-odixcity-consulting-4336105501?position=1&pageNum=0&refId=VAQlDm4FtSacm9FgWhjpdg%3D%3D&trackingId=F9fhTgDKge33cS%2BOYjpGWw%3D%3D,LinkedIn
Data Analyst,Odixcity Consulting,Somalia,2025-11-15,https://so.linkedin.com/jobs/view/data-analyst-at-odixcity-consulting-4336265118?position=1&pageNum=0&refId=dZoESfB4zYvTw3Z1%2BUtZ%2Bg%3D%3D&trackingId=8G6R%2BKTGHHKiwOrlYUMwUQ%3D%3D,LinkedIn
Data Scientist,Odixcity Consulting,Somalia,2025-11-15,https://so.linkedin.com/jobs/view/data-scientist-at-odixcity-consulting-4336075521?position=2&pageNum=0&refId=dZoESfB4zYvTw3Z1%2BUtZ%2Bg%3D%3D&trackingId=hHkNcQn3k6WchqLW%2Bx9xvg%3D%3D,LinkedIn
Zoho Developer,Odixcity Consulting,Somalia,2025-12-22,https://so.linkedin.com/jobs/view/zoho-developer-at-odixcity-consulting-4345744505?position=3&pageNum=0&refId=dZoESfB4zYvTw3Z1%2BUtZ%2Bg%3D%3D&trackingId=1bvtVe74TUgIpvV7wlKiWA%3D%3D,LinkedIn
****** *********,******** **********,*******,2025-11-14,https://so.linkedin.com/jobs/view/python-developer-at-odixcity-consulting-4335847003?position=4&pageNum=0&refId=dZoESfB4zYvTw3Z1%2BUtZ%2Bg%3D%3D&trackingId=CsVBzT02s8Po00kcLWVeSQ%3D%3D,LinkedIn
***** ********,******** **********,*******,2025-11-15,https://so.linkedin.com/jobs/view/cloud-engineer-at-odixcity-consulting-4336205172?position=5&pageNum=0&refId=dZoESfB4zYvTw3Z1%2BUtZ%2Bg%3D%3D&trackingId=AFrEtaFUsrU9jbBlNFG3gQ%3D%3D,LinkedIn
******* ******** ******,******** **********,*******,2025-11-14,https://so.linkedin.com/jobs/view/machine-learning-expert-at-odixcity-consulting-4335837196?position=6&pageNum=0&refId=dZoESfB4zYvTw3Z1%2BUtZ%2Bg%3D%3D&trackingId=Ajd0mFIFYrPjOfUWP9Kb4w%3D%3D,LinkedIn
*** ********,******** **********,*******,2025-11-15,https://so.linkedin.com/jobs/view/nlp-engineer-at-odixcity-consulting-4336085641?position=7&pageNum=0&refId=dZoESfB4zYvTw3Z1%2BUtZ%2Bg%3D%3D&trackingId=uCDXULUFNLsv1zClqqS%2Bwg%3D%3D,LinkedIn
Data Analyst,Odixcity Consulting,Somalia,2025-11-15,https://so.linkedin.com/jobs/view/data-analyst-at-odixcity-consulting-4336265118?position=1&pageNum=0&refId=6hG3Ds%2BKrmcVCRcQ8Ls2jA%3D%3D&trackingId=kpfY3tquSPPnYs5E9Sqh7w%3D%3D,LinkedIn
Data Scientist,Odixcity Consulting,Somalia,2025-11-15,https://so.linkedin.com/jobs/view/data-scientist-at-odixcity-consulting-4336075521?position=2&pageNum=0&refId=6hG3Ds%2BKrmcVCRcQ8Ls2jA%3D%3D&trackingId=b6gmYgg%2BkM1mL3kKZLMCxA%3D%3D,LinkedIn
Data Analyst,Odixcity Consulting,Somalia,2025-11-15,https://so.linkedin.com/jobs/view/data-analyst-at-odixcity-consulting-4336265118?position=1&pageNum=0&refId=z92tAlOSUrqo6FpKvzCtdA%3D%3D&trackingId=kzqOP02SrIefzHl9OLAgeg%3D%3D,LinkedIn
Data Scientist,Odixcity Consulting,Somalia,2025-11-15,https://so.linkedin.com/jobs/view/data-scientist-at-odixcity-consulting-4336075521?position=2&pageNum=0&refId=z92tAlOSUrqo6FpKvzCtdA%3D%3D&trackingId=gAxvuqrWDqsvMvbygUmOxw%3D%3D,LinkedIn
Data Analyst,Odixcity Consulting,Somalia,2025-11-15,https://so.linkedin.com/jobs/view/data-analyst-at-odixcity-consulting-4336265118?position=1&pageNum=0&refId=6PKz8oUmCZenoZY3Mpnwgg%3D%3D&trackingId=79jmhTlWxSrwwhenZudIVw%3D%3D,LinkedIn
Data Scientist,Odixcity Consulting,Somalia,2025-11-15,https://so.linkedin.com/jobs/view/data-scientist-at-odixcity-consulting-4336075521?position=2&pageNum=0&refId=6PKz8oUmCZenoZY3Mpnwgg%3D%3D&trackingId=umLMTaT9PalpvAdKeq80fA%3D%3D,LinkedIn
Data Analyst,Odixcity Consulting,Somalia,2025-11-15,https://so.linkedin.com/jobs/view/data-analyst-at-odixcity-consulting-4336265118?position=1&pageNum=0&refId=8Ws9Jf7G3f%2BgQc7E2UhGuQ%3D%3D&trackingId=YVSwoOGA3cFUTHt7pwfhxg%3D%3D,LinkedIn
Data Analyst,Odixcity Consulting,Somalia,2025-11-15,https://so.linkedin.com/jobs/view/data-analyst-at-odixcity-consulting-4336265118?position=1&pageNum=0&refId=eropbc8Y34BXfmfUnH1ErQ%3D%3D&trackingId=XGGGhzfdIRmZNNTw9tApuQ%3D%3D,LinkedIn
